txn_id,player_id,txn_time,txn_type,method,amount,status,card_hash
T0000404,P00017,2026-05-01 05:32:49,deposit,card,32.43,success,C00000017
T0000547,P00023,2026-05-01 23:47:26,deposit,card,167.08,success,C00000023
T0000557,P00023,2026-05-01 21:27:56,deposit,card,36.19,success,C00000023
T0000657,P00027,2026-05-01 10:51:14,deposit,ewallet,14.44,success,
T0000726,P00030,2026-05-01 22:57:48,deposit,card,64.43,success,C00000030
T0000758,P00031,2026-05-01 03:50:22,deposit,card,131.49,success,CSH00553
T0000802,P00033,2026-05-01 06:00:28,deposit,card,9.81,success,C00000033
T0000893,P00037,2026-05-01 02:20:11,deposit,card,32.82,success,C00000037
T0001244,P00049,2026-05-01 22:02:24,deposit,ewallet,73.93,success,
T0001304,P00050,2026-05-01 22:17:06,deposit,ewallet,31.75,success,
T0001636,P00062,2026-05-01 05:23:24,deposit,crypto,27.69,success,
T0001698,P00066,2026-05-01 19:36:35,deposit,card,26.28,success,C00000066
T0001781,P00069,2026-05-01 03:17:48,deposit,card,17.44,success,C00000069
T0001795,P00069,2026-05-01 05:44:33,deposit,card,91.28,success,C00000069
T0001841,P00071,2026-05-01 09:23:20,deposit,card,22.49,success,C00000071
T0001842,P00071,2026-05-01 14:54:07,deposit,card,141.32,success,C00000071
T0001974,P00075,2026-05-01 05:20:57,deposit,card,134.23,success,C00000075
T0002003,P00077,2026-05-01 14:56:21,deposit,card,39.63,success,C00000077
T0002068,P00079,2026-05-01 18:31:23,deposit,card,36.31,success,C00000079
T0002345,P00089,2026-05-01 20:47:30,deposit,card,45.19,success,C00000089
T0002432,P00091,2026-05-01 16:41:31,deposit,card,78.99,success,C00000091
T0002672,P00101,2026-05-01 06:09:49,deposit,card,17.47,success,C00000101
T0002796,P00106,2026-05-01 16:48:07,withdrawal,card,58.41,success,C00000106
T0003435,P00133,2026-05-01 15:36:08,deposit,card,73.74,success,C00000133
T0003543,P00138,2026-05-01 10:21:09,deposit,card,41.61,success,C00000138
T0003661,P00144,2026-05-01 16:40:47,deposit,bank_transfer,135.65,success,
T0003739,P00147,2026-05-01 22:12:40,deposit,card,70.77,success,C00000147
T0004215,P00167,2026-05-01 10:38:29,deposit,card,38.89,success,C00000167
T0004222,P00167,2026-05-01 16:15:41,deposit,card,68.09,success,C00000167
T0004400,P00175,2026-05-01 06:16:33,deposit,card,33.21,success,C00000175
T0004449,P00176,2026-05-01 19:44:11,deposit,card,20.72,success,C00000176
T0004596,P00182,2026-05-01 07:12:20,deposit,ewallet,29.1,success,
T0004706,P00186,2026-05-01 03:54:56,deposit,ewallet,63.05,success,
T0004731,P00187,2026-05-01 08:07:08,deposit,bank_transfer,58.73,success,
T0004873,P00192,2026-05-01 01:06:05,deposit,card,47.26,success,C00000192
T0005039,P00199,2026-05-01 05:04:39,deposit,card,79.75,success,CSH00305
T0005095,P00200,2026-05-01 00:36:48,deposit,card,76.82,success,C00000200
T0005283,P00206,2026-05-01 04:56:11,deposit,ewallet,23.95,success,
T0005471,P00214,2026-05-01 09:11:44,deposit,crypto,64.4,success,
T0005524,P00216,2026-05-01 19:44:29,deposit,ewallet,26.87,success,
T0005613,P00218,2026-05-01 23:33:08,deposit,card,30.04,failed,C00000218
T0005785,P00224,2026-05-01 02:27:13,deposit,bank_transfer,99.23,success,
T0005842,P00225,2026-05-01 02:53:59,deposit,bank_transfer,21.85,success,
T0005900,P00227,2026-05-01 18:58:09,deposit,bank_transfer,42.25,success,
T0006186,P00238,2026-05-01 21:06:33,deposit,card,26.45,success,C00000238
T0006308,P00242,2026-05-01 09:27:56,deposit,card,66.4,success,C00000242
T0006387,P00245,2026-05-01 08:10:10,deposit,ewallet,26.45,failed,
T0006526,P00251,2026-05-01 19:12:06,deposit,card,32.5,success,C00000251
T0006958,P00269,2026-05-01 16:08:12,deposit,card,67.82,success,C00000269
T0007018,P00271,2026-05-01 12:49:08,withdrawal,crypto,35.67,success,
T0007036,P00272,2026-05-01 13:54:02,deposit,card,132.49,success,C00000272
T0007148,P00280,2026-05-01 04:05:44,deposit,card,51.03,success,C00000280
T0007506,P00294,2026-05-01 00:38:44,withdrawal,card,117.12,success,C00000294
T0007650,P00301,2026-05-01 11:42:35,deposit,ewallet,85.96,success,
T0007662,P00302,2026-05-01 14:55:29,deposit,card,81.08,success,C00000302
T0007686,P00303,2026-05-01 19:44:36,deposit,ewallet,23.64,success,
T0007820,P00308,2026-05-01 18:43:45,deposit,ewallet,29.17,failed,
T0008232,P00323,2026-05-01 20:44:52,deposit,card,33.33,success,C00000323
T0008288,P00325,2026-05-01 14:11:16,deposit,card,43.27,success,C00000325
T0008364,P00329,2026-05-01 04:54:27,deposit,ewallet,52.62,success,
T0008557,P00336,2026-05-01 02:01:49,deposit,card,45.4,success,C00000336
T0008586,P00337,2026-05-01 17:45:45,deposit,crypto,46.26,success,
T0008976,P00350,2026-05-01 16:59:27,withdrawal,card,39.21,success,C00000350
T0009274,P00361,2026-05-01 13:52:18,deposit,card,70.6,success,C00000361
T0009562,P00373,2026-05-01 18:04:33,deposit,bank_transfer,34.69,success,
T0009580,P00373,2026-05-01 04:23:54,deposit,bank_transfer,57.79,success,
T0009804,P00381,2026-05-01 18:48:57,deposit,card,38.6,success,C00000381
T0010117,P00393,2026-05-01 17:08:30,deposit,bank_transfer,25.82,success,
T0010413,P00406,2026-05-01 08:51:44,deposit,card,9.03,success,C00000406
T0010424,P00406,2026-05-01 21:33:11,deposit,card,51.47,success,C00000406
T0010586,P00412,2026-05-01 15:02:37,deposit,crypto,27.59,success,
T0011279,P00438,2026-05-01 15:41:40,deposit,card,42.15,success,C00000438
T0011300,P00438,2026-05-01 15:09:58,deposit,card,77.68,success,C00000438
T0011361,P00441,2026-05-01 19:48:13,deposit,ewallet,27.57,success,
T0011430,P00444,2026-05-01 02:57:19,deposit,ewallet,34.19,success,
T0011770,P00457,2026-05-01 06:47:34,deposit,ewallet,35.39,success,
T0011775,P00457,2026-05-01 04:21:36,deposit,ewallet,156.98,success,
T0012120,P00470,2026-05-01 10:11:23,deposit,bank_transfer,32.14,success,
T0012262,P00477,2026-05-01 19:19:26,deposit,bank_transfer,72.78,success,
T0012684,P00494,2026-05-01 07:47:33,deposit,card,24.58,success,C00000494
T0013446,P00524,2026-05-01 15:28:06,deposit,card,31.53,success,C00000524
T0013572,P00531,2026-05-01 05:16:49,deposit,ewallet,24.94,success,
T0013731,P00539,2026-05-01 09:44:32,deposit,card,34.93,success,CSH00539
T0013825,P00544,2026-05-01 18:06:43,deposit,card,77.51,failed,C00000544
T0013908,P00547,2026-05-01 02:38:48,deposit,bank_transfer,46.7,success,
T0014000,P00551,2026-05-01 10:38:44,deposit,bank_transfer,48.49,success,
T0014060,P00553,2026-05-01 07:41:47,deposit,card,16.02,success,CSH00553
T0014067,P00553,2026-05-01 10:36:33,deposit,card,60.45,success,CSH00553
T0014778,P00582,2026-05-01 09:05:18,deposit,card,26.99,success,C00000582
T0014818,P00584,2026-05-01 02:08:36,deposit,crypto,27.45,success,
T0014977,P00589,2026-05-01 12:56:13,deposit,ewallet,84.24,success,
T0015347,P00604,2026-05-01 19:48:02,deposit,ewallet,38.56,success,
T0015489,P00610,2026-05-01 08:26:05,deposit,bank_transfer,85.47,success,
T0015610,P00615,2026-05-01 20:46:52,deposit,card,88.44,success,C00000615
T0015833,P00624,2026-05-01 16:51:48,deposit,card,179.03,success,C00000624
T0015863,P00626,2026-05-01 20:44:30,deposit,card,56.7,success,C00000626
T0015936,P00630,2026-05-01 12:48:55,deposit,ewallet,25.7,success,
T0016190,P00640,2026-05-01 10:57:21,deposit,bank_transfer,41.32,success,
T0016774,P00665,2026-05-01 12:50:31,withdrawal,bank_transfer,37.69,success,
T0016896,P00670,2026-05-01 23:13:10,deposit,crypto,28.28,success,
T0017342,P00688,2026-05-01 18:40:54,deposit,crypto,111.02,success,
T0017344,P00688,2026-05-01 03:28:46,deposit,crypto,48.96,success,
T0017686,P00700,2026-05-01 14:31:48,deposit,card,42.87,success,C00000700
T0017857,P00705,2026-05-01 12:11:17,deposit,ewallet,106.09,success,
T0018255,P00719,2026-05-01 23:07:01,deposit,crypto,171.93,success,
T0018356,P00723,2026-05-01 00:29:01,deposit,bank_transfer,20.95,success,
T0018415,P00724,2026-05-01 05:13:39,deposit,card,110.67,success,C00000724
T0019076,P00753,2026-05-01 22:43:24,deposit,bank_transfer,38.56,success,
T0019205,P00759,2026-05-01 23:42:11,deposit,ewallet,169.13,success,
T0019813,P00781,2026-05-01 18:41:42,deposit,crypto,28.32,failed,
T0019821,P00781,2026-05-01 04:14:58,deposit,crypto,49.63,success,
T0019932,P00785,2026-05-01 16:19:20,deposit,ewallet,122.87,success,
T0020155,P00794,2026-05-01 03:18:41,deposit,ewallet,30.73,success,
T0020259,P00798,2026-05-01 19:30:29,deposit,crypto,40.44,success,
T0020408,P00807,2026-05-01 06:38:29,deposit,crypto,24.09,success,
T0020513,P00809,2026-05-01 11:56:43,withdrawal,crypto,112.15,success,
T0020538,P00811,2026-05-01 01:47:34,deposit,card,35.14,success,C00000811
T0020712,P00816,2026-05-01 14:53:40,deposit,crypto,39.63,success,
T0020736,P00817,2026-05-01 23:56:08,deposit,card,41.81,success,C00000817
T0020787,P00819,2026-05-01 04:45:39,deposit,card,70.45,success,C00000819
T0020954,P00825,2026-05-01 05:30:57,deposit,card,49.83,failed,C00000825
T0020994,P00827,2026-05-01 17:48:07,deposit,card,19.28,success,C00000827
T0021289,P00839,2026-05-01 04:05:46,deposit,card,38.35,success,C00000839
T0021540,P00848,2026-05-01 05:09:11,deposit,ewallet,43.64,success,
T0021877,P00862,2026-05-01 05:13:34,deposit,card,41.67,success,C00000862
T0022106,P00872,2026-05-01 19:16:56,deposit,card,41.22,success,CSH00539
T0022147,P00873,2026-05-01 14:20:24,deposit,ewallet,29.99,success,
T0022160,P00873,2026-05-01 13:09:48,deposit,ewallet,19.99,success,
T0022212,P00875,2026-05-01 18:02:49,deposit,ewallet,33.93,success,
T0022305,P00880,2026-05-01 02:37:30,deposit,card,88.59,success,CSH00682
T0022362,P00883,2026-05-01 08:57:17,deposit,card,79.92,success,C00000883
T0022440,P00886,2026-05-01 14:54:58,withdrawal,ewallet,97.15,success,
T0022535,P00892,2026-05-01 09:46:14,deposit,card,98.77,success,C00000892
T0022610,P00895,2026-05-01 21:55:43,deposit,crypto,38.31,success,
T0022772,P00901,2026-05-01 19:09:54,deposit,bank_transfer,36.86,success,
T0022978,P00911,2026-05-01 15:40:25,deposit,card,12.9,success,C00000911
T0023051,P00914,2026-05-01 03:26:40,deposit,card,37.39,success,C00000914
T0023062,P00915,2026-05-01 14:14:22,deposit,card,122.05,success,C00000915
T0023252,P00922,2026-05-01 00:18:28,withdrawal,ewallet,26.21,success,
T0023555,P00935,2026-05-01 14:07:26,deposit,card,24.71,success,C00000935
T0023606,P00936,2026-05-01 12:49:25,deposit,card,30.13,success,C00000936
T0023609,P00936,2026-05-01 02:36:53,deposit,card,9.98,success,C00000936
T0023989,P00956,2026-05-01 17:30:56,deposit,card,30.86,success,C00000956
T0024418,P00974,2026-05-01 14:07:56,deposit,ewallet,217.36,success,
T0024830,P00992,2026-05-01 21:22:57,deposit,ewallet,101.64,success,
T0024900,P00995,2026-05-01 04:04:53,deposit,bank_transfer,45.77,success,
T0025333,P01010,2026-05-01 19:24:11,deposit,ewallet,18.67,success,
T0025507,P01019,2026-05-01 19:05:01,deposit,card,44.88,success,C00001019
T0025667,P01025,2026-05-01 03:06:42,deposit,ewallet,56.43,success,
T0025761,P01028,2026-05-01 01:49:43,deposit,card,14.84,success,C00001028
T0025984,P01038,2026-05-01 04:17:05,deposit,card,57.17,success,C00001038
T0026001,P01039,2026-05-01 14:27:05,deposit,crypto,63.15,success,
T0026325,P01050,2026-05-01 22:24:50,deposit,card,53.45,success,C00001050
T0026496,P01056,2026-05-01 14:28:07,deposit,ewallet,82.97,success,
T0026764,P01067,2026-05-01 04:50:13,deposit,card,29.03,success,C00001067
T0026785,P01068,2026-05-01 14:58:10,deposit,card,51.09,failed,C00001068
T0026996,P01076,2026-05-01 14:32:56,withdrawal,card,108.48,success,C00001076
T0027476,P01095,2026-05-01 22:01:54,deposit,bank_transfer,49.52,success,
T0027556,P01098,2026-05-01 23:41:02,deposit,ewallet,46.93,success,
T0027703,P01105,2026-05-01 07:30:53,deposit,crypto,145.29,success,
T0027821,P01109,2026-05-01 17:23:12,deposit,ewallet,57.05,failed,
T0027994,P01115,2026-05-01 04:47:14,deposit,card,101.21,success,C00001115
T0028365,P01132,2026-05-01 17:48:29,deposit,card,106.53,success,C00001132
T0028404,P01134,2026-05-01 04:46:42,deposit,crypto,56.88,success,
T0028517,P01138,2026-05-01 03:36:45,deposit,card,91.41,success,C00001138
T0028543,P01140,2026-05-01 14:28:06,deposit,card,46.75,success,C00001140
T0028632,P01142,2026-05-01 16:58:22,deposit,ewallet,25.54,failed,
T0029459,P01176,2026-05-01 21:32:41,deposit,card,100.21,success,C00001176
T0029527,P01179,2026-05-01 16:43:41,withdrawal,card,83.19,success,C00001179
T0030153,P01205,2026-05-01 18:29:42,deposit,card,10.61,success,C00001205
T0030656,P01224,2026-05-01 04:39:40,deposit,card,68.8,success,C00001224
T0030922,P01237,2026-05-01 22:53:21,deposit,ewallet,20.69,success,
T0031100,P01245,2026-05-01 21:44:10,deposit,card,63.55,success,C00001245
T0031755,P01271,2026-05-01 05:26:39,deposit,bank_transfer,103.82,success,
T0031963,P01279,2026-05-01 16:01:23,deposit,card,43.55,success,C00001279
T0032395,P01295,2026-05-01 04:12:33,withdrawal,ewallet,65.9,success,
T0032706,P01309,2026-05-01 06:54:51,deposit,card,73.29,success,C00001309
T0032760,P01310,2026-05-01 08:11:01,deposit,bank_transfer,98.58,success,
T0033235,P01328,2026-05-01 10:55:13,deposit,card,105.56,success,C00001328
T0033311,P01331,2026-05-01 14:17:48,deposit,card,31.66,success,C00001331
T0033443,P01336,2026-05-01 17:26:20,deposit,ewallet,39.73,success,
T0033677,P01344,2026-05-01 05:44:00,deposit,bank_transfer,22.08,success,
T0033685,P01344,2026-05-01 08:06:56,deposit,bank_transfer,48.75,success,
T0034077,P01359,2026-05-01 21:17:33,deposit,crypto,20.13,success,
T0034130,P01362,2026-05-01 00:31:33,deposit,bank_transfer,143.54,success,
T0034216,P01365,2026-05-01 19:18:43,deposit,ewallet,30.41,success,
T0034253,P01366,2026-05-01 20:35:42,deposit,crypto,20.81,success,
T0034351,P01369,2026-05-01 23:38:55,deposit,ewallet,30.38,success,
T0034536,P01376,2026-05-01 17:31:19,deposit,ewallet,101.79,success,
T0034733,P01386,2026-05-01 00:52:43,deposit,ewallet,50.49,success,
T0034859,P01391,2026-05-01 15:04:07,withdrawal,crypto,74.24,success,
T0034884,P01393,2026-05-01 10:18:57,deposit,card,27.27,success,C00001393
T0034890,P01393,2026-05-01 22:14:03,deposit,card,113.27,success,C00001393
T0035089,P01401,2026-05-01 13:30:44,deposit,card,21.72,success,C00001401
T0035237,P01409,2026-05-01 14:57:48,deposit,card,36.08,success,C00001409
T0035494,P01421,2026-05-01 06:54:07,deposit,crypto,9.29,failed,
T0035779,P01432,2026-05-01 15:50:07,withdrawal,crypto,126.73,success,
T0036175,P01447,2026-05-01 18:14:40,deposit,card,46.14,success,C00001447
T0036240,P01450,2026-05-01 23:52:38,deposit,card,59.94,success,C00001450
T0036277,P01451,2026-05-01 05:07:13,deposit,bank_transfer,59.5,success,
T0036673,P01465,2026-05-01 15:23:33,deposit,bank_transfer,18.66,success,
T0036755,P01469,2026-05-01 02:54:27,deposit,ewallet,42.32,success,
T0036874,P01475,2026-05-01 12:58:11,deposit,bank_transfer,73.21,success,
T0036928,P01478,2026-05-01 10:35:16,deposit,bank_transfer,101.21,success,
T0037349,P01493,2026-05-01 03:09:52,deposit,crypto,50.16,success,
T0037489,P01498,2026-05-01 17:13:28,deposit,card,49.94,success,C00001498
T0037515,P01499,2026-05-01 06:08:19,deposit,card,104.67,success,C00001499
T0037623,P01504,2026-05-01 05:39:01,deposit,ewallet,12.41,success,
T0037697,P01507,2026-05-01 07:06:01,deposit,card,19.21,success,C00001507
T0037731,P01509,2026-05-01 08:39:56,deposit,bank_transfer,70.42,success,
T0037969,P01517,2026-05-01 01:54:56,deposit,card,68.77,success,C00001517
T0037993,P01518,2026-05-01 14:59:03,deposit,card,18.4,success,C00001518
T0038085,P01522,2026-05-01 22:41:17,deposit,card,22.06,success,C00001522
T0038109,P01523,2026-05-01 17:22:21,deposit,ewallet,106.94,success,
T0038160,P01525,2026-05-01 17:35:21,deposit,card,45.7,success,C00001525
T0038189,P01526,2026-05-01 22:03:54,deposit,ewallet,20.71,success,
T0038382,P01535,2026-05-01 09:39:04,deposit,crypto,23.32,success,
T0038434,P01537,2026-05-01 19:03:52,deposit,ewallet,41.21,success,
T0038567,P01541,2026-05-01 19:30:20,deposit,card,15.99,success,C00001541
T0038998,P01558,2026-05-01 20:46:11,deposit,card,44.55,success,C00001558
T0039219,P01566,2026-05-01 18:23:30,deposit,card,103.57,success,C00001566
T0039362,P01574,2026-05-01 21:13:57,deposit,crypto,10.48,success,
T0039416,P01576,2026-05-01 18:38:38,deposit,card,49.78,success,C00001576
T0039444,P01578,2026-05-01 22:04:39,deposit,card,37.76,success,C00001578
T0040053,P01602,2026-05-01 05:55:04,deposit,crypto,159.13,success,
T0040113,P01604,2026-05-01 03:45:08,deposit,ewallet,49.62,success,
T0040288,P01612,2026-05-01 23:50:27,deposit,card,25.43,success,C00001612
T0040594,P01623,2026-05-01 02:54:26,deposit,card,72.41,success,C00001623
T0040665,P01625,2026-05-01 05:36:01,deposit,bank_transfer,136.95,success,
T0040922,P01636,2026-05-01 00:07:28,deposit,ewallet,21.65,success,
T0041160,P01645,2026-05-01 07:27:39,deposit,card,47.92,success,C00001645
T0041568,P01660,2026-05-01 19:53:03,deposit,card,64.28,success,C00001660
T0041719,P01666,2026-05-01 12:54:24,deposit,card,54.39,success,C00001666
T0041773,P01669,2026-05-01 18:00:58,deposit,crypto,30.82,success,
T0041964,P01675,2026-05-01 04:48:42,deposit,card,66.33,success,C00001675
T0042187,P01685,2026-05-01 10:57:51,deposit,card,74.31,success,C00001685
T0042198,P01686,2026-05-01 10:13:42,deposit,ewallet,26.55,failed,
T0042226,P01687,2026-05-01 16:55:45,deposit,ewallet,43.94,success,
T0042296,P01689,2026-05-01 10:22:40,deposit,bank_transfer,15.84,success,
T0042601,P01701,2026-05-01 22:51:05,deposit,card,23.45,success,C00001701
T0042725,P01707,2026-05-01 09:45:02,deposit,card,50.24,success,C00001707
T0043106,P01722,2026-05-01 09:59:34,deposit,card,52.77,success,C00001722
T0043146,P01723,2026-05-01 04:34:15,deposit,card,39.96,success,C00001723
T0043436,P01731,2026-05-01 21:37:57,deposit,ewallet,41.43,success,
T0043472,P01734,2026-05-01 15:03:50,deposit,card,73.39,success,C00001734
T0043486,P01735,2026-05-01 21:57:57,deposit,ewallet,36.8,success,
T0043713,P01743,2026-05-01 17:32:38,withdrawal,card,137.78,success,C00001743
T0043949,P01751,2026-05-01 07:55:44,deposit,ewallet,137.57,success,
T0044059,P01755,2026-05-01 07:53:57,deposit,crypto,159.83,success,
T0044072,P01756,2026-05-01 11:41:50,deposit,ewallet,13.51,success,
T0044199,P01762,2026-05-01 00:54:01,deposit,ewallet,30.8,success,
T0044312,P01768,2026-05-01 19:31:35,deposit,card,39.55,success,C00001768
T0044369,P01771,2026-05-01 03:56:36,deposit,card,47.77,success,C00001771
T0044386,P01772,2026-05-01 01:09:25,deposit,ewallet,22.88,success,
T0044406,P01772,2026-05-01 13:26:59,deposit,ewallet,219.26,success,
T0044525,P01779,2026-05-01 15:10:52,deposit,ewallet,73.75,success,
T0044647,P01784,2026-05-01 12:15:58,deposit,card,76.4,success,C00001784
T0044865,P01793,2026-05-01 20:21:57,deposit,ewallet,88.67,success,
T0045169,P01805,2026-05-01 15:46:10,deposit,card,53.54,success,C00001805
T0045226,P01807,2026-05-01 05:04:44,deposit,bank_transfer,16.98,success,
T0045245,P01808,2026-05-01 02:01:10,deposit,ewallet,22.27,success,
T0045403,P01817,2026-05-01 18:18:03,deposit,card,23.48,success,C00001817
T0045685,P01829,2026-05-01 04:11:49,withdrawal,card,78.81,success,C00001829
T0045832,P01834,2026-05-01 14:44:37,deposit,ewallet,37.25,success,
T0045924,P01838,2026-05-01 22:20:27,deposit,card,28.82,success,C00001838
T0046293,P01854,2026-05-01 13:36:45,deposit,card,133.22,success,C00001854
T0046345,P01856,2026-05-01 14:53:24,deposit,card,97.93,success,C00001856
T0046358,P01857,2026-05-01 23:48:37,deposit,card,86.13,success,C00001857
T0046569,P01863,2026-05-01 19:19:22,deposit,card,25.4,success,C00001863
T0046707,P01869,2026-05-01 14:55:03,withdrawal,card,75.06,success,C00001869
T0046731,P01870,2026-05-01 22:24:20,deposit,crypto,20.35,success,
T0046805,P01873,2026-05-01 09:45:01,deposit,card,92.95,success,C00001873
T0046965,P01879,2026-05-01 23:55:32,deposit,ewallet,30.33,success,
T0047078,P01884,2026-05-01 16:21:01,deposit,ewallet,31.58,success,
T0047132,P01887,2026-05-01 00:28:35,deposit,ewallet,214.51,success,
T0047329,P01896,2026-05-01 21:19:45,deposit,crypto,178.82,success,
T0047390,P01897,2026-05-01 18:41:38,deposit,crypto,37.28,success,
T0047439,P01899,2026-05-01 21:24:12,deposit,card,8.84,success,C00001899
T0047473,P01900,2026-05-01 11:17:49,deposit,bank_transfer,39.18,success,
T0047914,P01917,2026-05-01 07:48:39,withdrawal,card,44.85,success,C00001917
T0048082,P01926,2026-05-01 06:46:20,deposit,ewallet,63.2,success,
T0048559,P01944,2026-05-01 17:59:30,deposit,card,85.82,success,C00001944
T0048868,P01955,2026-05-01 04:22:38,deposit,card,62.71,success,C00001955
T0049279,P01970,2026-05-01 16:10:28,deposit,ewallet,24.97,success,
T0049455,P01979,2026-05-01 23:18:15,deposit,bank_transfer,48.13,success,
T0049456,P01979,2026-05-01 14:47:52,deposit,bank_transfer,39.69,success,
T0049577,P01982,2026-05-01 15:04:10,deposit,card,40.61,success,C00001982
T0049618,P01984,2026-05-01 18:58:47,deposit,card,117.34,success,CSH01242
T0049967,P01997,2026-05-01 13:21:25,deposit,card,58.36,success,C00001997
T0049987,P01998,2026-05-01 18:04:13,deposit,ewallet,137.88,success,
