bonus_id,player_id,claimed_at,bonus_amount,wagered_amount,hours_to_first_withdrawal
B000001,P00002,2026-07-17 21:31:02,50.0,1967.8,
B000002,P00003,2026-08-31 08:22:20,50.0,1353.5,
B000003,P00004,2026-08-15 19:29:05,50.0,1294.86,85.7
B000004,P00009,2026-04-03 03:41:04,100.0,4230.64,
B000005,P00010,2026-06-18 00:40:34,50.0,1456.97,
B000006,P00013,2026-06-24 09:34:31,50.0,1169.34,305.2
B000007,P00014,2026-09-10 18:24:52,25.0,485.22,520.0
B000008,P00015,2026-06-25 19:10:35,50.0,1886.64,134.2
B000009,P00016,2026-04-19 09:28:02,50.0,1359.21,530.4
B000010,P00018,2026-09-17 16:22:13,50.0,1023.73,580.6
B000011,P00019,2026-09-15 02:27:14,50.0,1947.89,413.8
B000012,P00022,2026-07-15 22:11:56,50.0,1622.95,
B000013,P00025,2026-05-26 01:12:32,50.0,1179.05,
B000014,P00026,2026-06-29 02:58:12,25.0,678.27,99.8
B000015,P00028,2026-08-21 18:16:50,25.0,537.31,
B000016,P00030,2026-05-16 18:02:34,50.0,1075.22,
B000017,P00033,2026-04-07 16:04:32,100.0,2441.29,292.3
B000018,P00034,2026-08-06 21:52:14,100.0,3126.82,368.0
B000019,P00042,2026-04-21 03:38:56,100.0,4479.66,
B000020,P00043,2026-07-09 01:43:10,100.0,3934.85,
B000021,P00044,2026-05-17 19:58:54,50.0,1274.73,88.8
B000022,P00048,2026-06-05 12:20:34,25.0,1049.68,
B000023,P00049,2026-04-01 16:44:20,100.0,2033.23,486.6
B000024,P00051,2026-06-21 09:02:44,100.0,2546.06,
B000025,P00052,2026-05-25 15:10:22,25.0,598.76,182.5
B000026,P00053,2026-07-30 01:16:22,50.0,1138.08,
B000027,P00055,2026-06-28 07:01:26,25.0,982.08,
B000028,P00057,2026-09-01 19:32:00,100.0,4134.73,548.3
B000029,P00059,2026-09-25 03:12:40,25.0,1023.49,
B000030,P00062,2026-04-25 07:18:12,50.0,1923.73,507.6
B000031,P00063,2026-08-28 12:46:39,25.0,459.64,414.1
B000032,P00069,2026-07-14 19:45:54,50.0,908.23,
B000033,P00070,2026-08-14 19:49:58,50.0,1513.84,
B000034,P00072,2026-09-22 05:05:34,25.0,890.86,
B000035,P00074,2026-08-16 12:42:46,50.0,1588.83,
B000036,P00077,2026-04-02 01:06:53,100.0,2408.63,
B000037,P00079,2026-05-30 10:21:28,100.0,3514.83,
B000038,P00080,2026-09-10 00:35:14,25.0,740.73,241.9
B000039,P00085,2026-08-17 00:18:42,100.0,2598.22,
B000040,P00086,2026-09-23 01:02:26,25.0,585.2,
B000041,P00089,2026-07-22 19:12:02,25.0,688.43,
B000042,P00092,2026-09-25 14:02:15,100.0,1608.91,262.2
B000043,P00093,2026-04-30 01:17:27,25.0,928.81,
B000044,P00094,2026-09-08 13:37:59,25.0,483.44,250.4
B000045,P00095,2026-05-16 23:31:26,50.0,2216.04,
B000046,P00096,2026-04-15 00:52:44,100.0,1572.88,501.7
B000047,P00099,2026-08-09 08:02:02,100.0,4186.83,
B000048,P00101,2026-06-23 06:09:38,100.0,1887.33,
B000049,P00102,2026-06-29 23:57:27,50.0,2079.63,189.9
B000050,P00104,2026-04-22 20:01:16,50.0,146.11,5.3
B000051,P00106,2026-07-03 02:28:13,50.0,780.48,
B000052,P00107,2026-07-18 16:16:41,25.0,765.78,212.1
B000053,P00108,2026-06-16 03:26:41,100.0,3366.54,219.9
B000054,P00109,2026-04-13 10:23:35,50.0,2141.16,471.7
B000055,P00110,2026-06-02 11:58:21,100.0,2436.27,
B000056,P00111,2026-05-17 04:49:32,25.0,1015.98,
B000057,P00113,2026-08-22 07:14:49,100.0,4373.59,423.8
B000058,P00114,2026-07-15 20:00:05,25.0,1061.63,492.6
B000059,P00115,2026-04-17 15:08:47,100.0,3077.4,314.6
B000060,P00116,2026-05-25 14:40:13,100.0,4438.95,
B000061,P00118,2026-04-18 23:05:07,50.0,1308.16,
B000062,P00123,2026-09-19 09:57:04,50.0,1651.7,
B000063,P00124,2026-07-05 15:32:53,25.0,444.72,
B000064,P00126,2026-07-16 07:57:07,100.0,3760.96,
B000065,P00127,2026-06-04 03:14:28,100.0,3755.52,
B000066,P00129,2026-05-07 15:38:10,50.0,1653.56,
B000067,P00134,2026-06-10 23:03:21,50.0,1008.84,507.3
B000068,P00135,2026-08-16 02:58:27,50.0,1801.9,172.1
B000069,P00138,2026-07-07 19:32:46,100.0,3409.55,
B000070,P00140,2026-07-25 15:52:11,50.0,1074.15,
B000071,P00141,2026-07-06 17:04:34,50.0,752.69,
B000072,P00142,2026-08-12 02:21:04,100.0,3314.37,
B000073,P00145,2026-07-12 17:52:04,100.0,2683.79,
B000074,P00147,2026-07-23 18:13:06,25.0,48.8,2.7
B000075,P00151,2026-06-18 20:52:35,100.0,271.65,5.2
B000076,P00154,2026-09-18 01:53:51,50.0,959.36,
B000077,P00155,2026-09-23 15:59:23,50.0,1164.12,
B000078,P00157,2026-05-10 20:53:03,25.0,920.86,
B000079,P00158,2026-04-09 03:01:14,50.0,1431.47,210.4
B000080,P00159,2026-08-07 12:09:42,50.0,1909.93,478.5
B000081,P00162,2026-08-04 18:58:19,25.0,878.61,
B000082,P00163,2026-06-21 16:57:14,25.0,387.1,414.5
B000083,P00167,2026-08-15 05:51:40,50.0,1131.17,
B000084,P00169,2026-07-23 09:40:09,100.0,1635.48,
B000085,P00175,2026-05-12 01:47:29,100.0,4411.84,276.3
B000086,P00176,2026-08-10 15:32:32,100.0,3247.38,
B000087,P00177,2026-07-21 04:00:28,50.0,1533.76,
B000088,P00179,2026-09-25 06:41:21,50.0,2216.66,523.4
B000089,P00184,2026-07-09 18:10:21,100.0,3695.57,218.2
B000090,P00185,2026-08-30 09:24:36,50.0,1805.85,
B000091,P00186,2026-07-18 05:05:34,50.0,1310.26,181.9
B000092,P00187,2026-04-21 14:26:33,25.0,456.3,487.8
B000093,P00190,2026-07-14 00:12:14,50.0,1650.58,
B000094,P00194,2026-07-24 07:41:12,50.0,1550.52,
B000095,P00196,2026-04-07 15:43:24,25.0,992.22,
B000096,P00197,2026-08-31 20:52:26,100.0,4318.97,
B000097,P00198,2026-09-04 18:55:32,100.0,1953.37,494.1
B000098,P00200,2026-09-07 20:24:51,50.0,1730.15,
B000099,P00201,2026-06-12 12:51:08,100.0,1515.71,
B000100,P00203,2026-04-29 20:45:10,25.0,469.06,250.5
B000101,P00204,2026-04-26 04:36:36,50.0,1970.31,467.9
B000102,P00206,2026-05-03 05:57:31,25.0,721.66,
B000103,P00207,2026-09-11 08:34:41,100.0,3819.24,
B000104,P00208,2026-09-20 01:07:03,25.0,983.8,193.9
B000105,P00209,2026-05-17 19:55:38,100.0,53.34,4.6
B000106,P00210,2026-07-16 10:17:07,100.0,2924.37,
B000107,P00214,2026-09-21 14:53:14,25.0,682.41,170.4
B000108,P00218,2026-06-03 11:15:59,50.0,2020.22,
B000109,P00219,2026-09-02 15:29:17,100.0,3625.64,88.7
B000110,P00222,2026-05-02 21:05:33,50.0,1563.54,
B000111,P00224,2026-09-15 08:17:54,25.0,830.82,138.9
B000112,P00225,2026-05-27 05:13:38,25.0,456.76,
B000113,P00226,2026-08-09 04:24:26,25.0,810.08,
B000114,P00227,2026-06-25 06:19:28,25.0,375.53,526.3
B000115,P00231,2026-07-30 23:06:49,50.0,1249.49,
B000116,P00232,2026-07-21 12:36:31,50.0,1191.62,359.5
B000117,P00233,2026-07-31 02:30:36,50.0,1642.19,
B000118,P00234,2026-07-04 02:03:23,50.0,2042.44,
B000119,P00236,2026-04-04 21:12:29,50.0,1864.97,
B000120,P00238,2026-04-19 00:21:41,25.0,931.58,212.1
B000121,P00239,2026-04-29 01:25:34,100.0,4470.08,
B000122,P00240,2026-09-13 21:00:25,25.0,485.18,
B000123,P00241,2026-05-01 09:04:16,50.0,1556.3,
B000124,P00245,2026-09-23 07:54:34,100.0,2160.35,
B000125,P00247,2026-07-15 04:21:59,100.0,3850.4,293.8
B000126,P00248,2026-06-25 06:50:37,25.0,926.74,
B000127,P00250,2026-09-10 14:24:01,100.0,2360.04,
B000128,P00252,2026-06-25 09:40:34,50.0,1238.31,
B000129,P00254,2026-04-22 15:56:17,25.0,471.25,
B000130,P00256,2026-06-17 12:51:49,50.0,1606.58,
B000131,P00260,2026-06-21 06:54:53,100.0,3854.04,
B000132,P00261,2026-05-14 04:44:04,100.0,1635.53,160.6
B000133,P00262,2026-06-02 04:45:25,50.0,1230.12,
B000134,P00263,2026-08-27 09:44:29,50.0,2057.47,
B000135,P00264,2026-08-14 05:43:28,25.0,902.27,
B000136,P00265,2026-06-20 11:25:54,100.0,1646.43,106.0
B000137,P00267,2026-09-15 13:04:07,50.0,1522.76,106.8
B000138,P00271,2026-08-02 14:40:36,25.0,479.56,
B000139,P00272,2026-09-09 00:31:03,25.0,922.52,
B000140,P00273,2026-08-24 09:23:34,50.0,1215.83,507.6
B000141,P00275,2026-04-13 07:48:08,100.0,3324.5,289.5
B000142,P00276,2026-09-01 22:13:46,100.0,3471.75,332.1
B000143,P00277,2026-04-07 19:22:15,50.0,1504.35,321.7
B000144,P00279,2026-05-28 22:02:02,50.0,1715.13,377.9
B000145,P00280,2026-05-26 16:13:46,25.0,1093.7,336.4
B000146,P00281,2026-08-05 20:27:08,100.0,2840.64,511.4
B000147,P00284,2026-08-13 10:03:01,25.0,65.16,2.9
B000148,P00286,2026-04-02 01:12:37,100.0,2877.88,514.7
B000149,P00287,2026-05-14 12:41:27,50.0,1643.93,
B000150,P00294,2026-07-31 23:18:57,25.0,880.95,
B000151,P00297,2026-06-25 07:16:47,25.0,731.73,
B000152,P00298,2026-05-30 08:36:55,50.0,2084.51,
B000153,P00299,2026-06-02 04:46:24,50.0,1800.19,
B000154,P00300,2026-07-31 11:58:46,25.0,1081.47,
B000155,P00303,2026-04-21 02:58:40,25.0,63.68,2.4
B000156,P00306,2026-09-05 22:29:01,100.0,1880.23,
B000157,P00307,2026-05-01 10:21:08,100.0,4496.8,
B000158,P00308,2026-04-18 16:26:03,100.0,3640.7,
B000159,P00309,2026-05-02 16:56:52,50.0,1913.38,
B000160,P00313,2026-07-03 08:47:38,25.0,1120.94,
B000161,P00316,2026-07-22 20:44:35,25.0,737.06,212.4
B000162,P00317,2026-09-08 20:56:05,25.0,818.99,
B000163,P00320,2026-09-04 22:19:55,50.0,2052.62,
B000164,P00321,2026-07-17 06:06:05,50.0,1130.26,411.9
B000165,P00322,2026-04-11 13:58:36,50.0,2220.25,426.0
B000166,P00323,2026-09-09 00:03:01,100.0,2114.26,72.1
B000167,P00324,2026-09-16 22:04:24,25.0,559.47,
B000168,P00326,2026-05-28 22:11:01,25.0,781.1,
B000169,P00327,2026-06-15 18:13:38,25.0,412.83,164.5
B000170,P00328,2026-08-15 05:03:32,50.0,1516.35,
B000171,P00332,2026-06-15 04:07:17,100.0,2332.07,
B000172,P00334,2026-05-23 15:40:14,100.0,3473.84,
B000173,P00336,2026-08-20 12:26:40,100.0,2107.71,
B000174,P00338,2026-09-08 07:35:17,50.0,59.35,5.5
B000175,P00344,2026-06-22 13:52:38,25.0,498.05,578.4
B000176,P00345,2026-08-15 09:31:45,50.0,1014.04,
B000177,P00346,2026-06-29 22:08:07,25.0,1025.28,
B000178,P00347,2026-08-27 08:34:21,100.0,1731.19,
B000179,P00351,2026-05-27 13:03:56,25.0,682.73,179.5
B000180,P00352,2026-05-11 07:52:40,100.0,3041.73,
B000181,P00353,2026-04-24 06:10:07,25.0,640.68,
B000182,P00356,2026-06-22 09:55:45,50.0,1678.25,501.4
B000183,P00357,2026-08-25 08:23:20,25.0,833.94,
B000184,P00358,2026-09-21 02:32:17,25.0,572.77,
B000185,P00359,2026-05-05 00:44:08,100.0,1918.37,
B000186,P00360,2026-04-09 21:04:18,50.0,2046.79,
B000187,P00364,2026-07-16 15:20:49,25.0,502.55,
B000188,P00366,2026-09-12 01:02:21,25.0,65.37,0.9
B000189,P00367,2026-04-12 07:34:54,50.0,1144.67,
B000190,P00368,2026-05-15 15:37:29,25.0,841.17,
B000191,P00369,2026-09-09 16:02:46,50.0,1907.38,122.1
B000192,P00370,2026-07-02 14:54:22,100.0,1592.59,477.4
B000193,P00373,2026-08-15 09:19:10,100.0,3588.65,
B000194,P00374,2026-07-23 05:32:10,50.0,981.86,
B000195,P00375,2026-08-09 06:30:28,50.0,1065.9,456.9
B000196,P00376,2026-04-04 06:01:28,50.0,1959.54,103.7
B000197,P00377,2026-06-23 10:50:38,100.0,2437.24,348.1
B000198,P00378,2026-06-29 04:18:42,50.0,1121.63,434.5
B000199,P00380,2026-08-27 10:15:47,100.0,2270.45,
B000200,P00382,2026-07-18 02:51:17,50.0,1004.1,
B000201,P00386,2026-09-07 12:28:54,50.0,850.78,
B000202,P00388,2026-05-03 17:59:10,50.0,1005.24,522.8
B000203,P00392,2026-07-16 12:54:33,100.0,2650.86,
B000204,P00396,2026-04-30 21:09:40,25.0,710.0,
B000205,P00398,2026-08-16 22:16:06,25.0,494.38,319.8
B000206,P00401,2026-09-05 08:13:35,50.0,850.63,
B000207,P00403,2026-05-28 10:11:37,100.0,3165.87,
B000208,P00404,2026-05-19 13:23:31,100.0,2477.07,
B000209,P00406,2026-08-24 00:35:36,50.0,1660.23,
B000210,P00407,2026-07-26 02:56:53,100.0,2845.88,306.0
B000211,P00409,2026-08-27 11:27:40,25.0,585.41,
B000212,P00410,2026-06-29 16:04:49,100.0,3109.43,
B000213,P00411,2026-06-11 18:06:04,50.0,1287.26,
B000214,P00413,2026-08-07 06:58:57,100.0,4466.77,282.2
B000215,P00417,2026-04-29 12:39:15,100.0,3343.03,
B000216,P00422,2026-06-24 02:54:34,50.0,957.29,149.9
B000217,P00423,2026-06-12 14:48:46,25.0,582.0,459.0
B000218,P00426,2026-07-28 12:49:00,100.0,195.12,1.7
B000219,P00428,2026-07-23 07:33:11,50.0,2045.96,
B000220,P00432,2026-05-07 00:26:28,50.0,1789.54,
B000221,P00433,2026-07-06 18:35:05,25.0,870.44,
B000222,P00436,2026-08-08 02:03:38,100.0,2941.37,
B000223,P00437,2026-09-21 22:58:28,100.0,68.29,0.7
B000224,P00439,2026-05-28 20:36:32,25.0,955.13,
B000225,P00441,2026-08-01 11:51:49,25.0,734.27,579.3
B000226,P00444,2026-09-02 20:07:39,50.0,2024.18,536.0
B000227,P00445,2026-08-29 02:23:55,25.0,707.0,596.8
B000228,P00452,2026-06-20 21:20:31,50.0,2023.27,
B000229,P00458,2026-08-12 22:53:42,50.0,2073.53,
B000230,P00459,2026-05-26 10:59:48,50.0,1774.75,329.9
B000231,P00460,2026-07-12 00:43:25,100.0,3208.33,171.0
B000232,P00462,2026-04-09 13:24:31,25.0,811.03,278.0
B000233,P00464,2026-07-07 18:49:25,25.0,835.28,109.1
B000234,P00466,2026-08-07 18:57:02,25.0,655.61,258.0
B000235,P00467,2026-08-09 16:19:04,50.0,929.75,
B000236,P00472,2026-06-05 00:27:43,50.0,882.16,
B000237,P00475,2026-05-21 09:57:00,100.0,1939.14,
B000238,P00476,2026-09-22 13:42:59,100.0,2933.94,484.7
B000239,P00477,2026-07-26 00:35:37,25.0,55.76,3.9
B000240,P00482,2026-05-12 14:53:01,50.0,1714.41,371.0
B000241,P00483,2026-08-10 16:31:00,50.0,931.22,
B000242,P00486,2026-08-15 12:55:23,100.0,2999.61,
B000243,P00487,2026-08-14 15:12:29,50.0,1222.73,495.2
B000244,P00488,2026-05-10 09:33:02,100.0,1557.89,306.0
B000245,P00490,2026-07-28 12:57:55,25.0,47.13,1.9
B000246,P00494,2026-09-07 07:51:41,25.0,849.19,
B000247,P00495,2026-07-06 02:48:13,100.0,1659.16,192.9
B000248,P00496,2026-07-24 13:34:22,50.0,1589.79,392.1
B000249,P00497,2026-09-10 20:31:01,25.0,533.45,
B000250,P00501,2026-04-11 09:17:51,100.0,3517.22,
B000251,P00505,2026-07-13 23:54:10,100.0,114.46,6.8
B000252,P00508,2026-04-23 20:34:28,100.0,1785.9,
B000253,P00514,2026-08-23 03:32:32,25.0,833.36,
B000254,P00515,2026-06-06 22:29:53,25.0,388.42,
B000255,P00517,2026-05-17 10:05:38,100.0,4249.03,425.7
B000256,P00518,2026-04-15 09:10:16,25.0,1104.92,
B000257,P00520,2026-08-15 18:55:22,25.0,808.57,
B000258,P00521,2026-07-03 15:04:23,25.0,1024.42,
B000259,P00524,2026-04-22 03:54:30,25.0,630.88,
B000260,P00526,2026-09-04 08:56:00,100.0,3705.19,138.7
B000261,P00527,2026-07-31 21:04:26,25.0,501.35,506.9
B000262,P00530,2026-06-18 23:38:46,100.0,2886.94,
B000263,P00532,2026-09-12 11:53:07,100.0,3419.48,
B000264,P00535,2026-07-30 04:37:04,50.0,1142.88,112.7
B000265,P00537,2026-08-06 02:34:11,50.0,1221.54,
B000266,P00539,2026-07-12 20:48:39,50.0,1707.29,
B000267,P00542,2026-09-22 07:47:34,25.0,63.86,4.5
B000268,P00544,2026-07-23 11:02:25,100.0,2012.11,402.2
B000269,P00545,2026-07-20 06:58:40,25.0,541.26,408.7
B000270,P00547,2026-07-22 19:50:48,50.0,1568.43,
B000271,P00550,2026-06-20 10:16:09,50.0,913.64,
B000272,P00551,2026-09-11 15:28:50,25.0,682.6,352.8
B000273,P00554,2026-07-29 13:39:41,25.0,553.8,
B000274,P00556,2026-09-03 21:32:23,100.0,4480.93,
B000275,P00558,2026-06-13 21:01:58,25.0,401.15,578.9
B000276,P00560,2026-08-16 02:20:40,50.0,1088.45,
B000277,P00561,2026-08-19 14:59:50,100.0,4077.77,
B000278,P00564,2026-08-03 14:48:38,25.0,395.09,192.2
B000279,P00565,2026-09-25 23:41:03,25.0,890.53,
B000280,P00566,2026-05-02 06:38:12,50.0,1570.31,
B000281,P00569,2026-08-23 13:58:04,100.0,2280.66,
B000282,P00570,2026-06-06 12:08:56,100.0,1624.15,
B000283,P00571,2026-04-05 21:12:27,50.0,1726.73,472.0
B000284,P00573,2026-08-26 09:54:13,100.0,4250.46,
B000285,P00574,2026-06-09 04:54:48,100.0,3276.61,551.8
B000286,P00575,2026-08-04 04:29:56,25.0,574.07,491.0
B000287,P00576,2026-08-05 08:43:05,25.0,976.53,436.6
B000288,P00580,2026-09-15 18:45:53,100.0,3942.64,
B000289,P00581,2026-04-29 23:09:54,100.0,4349.77,
B000290,P00583,2026-09-27 04:05:33,50.0,1491.92,154.7
B000291,P00585,2026-06-21 15:27:20,100.0,3859.31,473.9
B000292,P00586,2026-07-12 11:20:59,50.0,908.36,
B000293,P00592,2026-05-20 07:41:23,100.0,2351.25,525.9
B000294,P00596,2026-08-14 04:34:43,50.0,128.12,2.0
B000295,P00597,2026-05-27 14:10:32,50.0,100.14,1.0
B000296,P00599,2026-09-12 19:21:52,50.0,132.95,2.5
B000297,P00600,2026-07-04 23:15:01,25.0,833.44,351.3
B000298,P00606,2026-08-29 09:49:02,50.0,1661.38,457.2
B000299,P00607,2026-09-05 20:46:27,50.0,80.8,1.7
B000300,P00608,2026-08-16 16:52:42,50.0,115.93,6.1
B000301,P00613,2026-05-09 11:48:26,100.0,282.32,5.8
B000302,P00615,2026-06-02 03:52:46,50.0,1363.08,202.3
B000303,P00619,2026-04-02 07:54:15,25.0,1094.43,
B000304,P00622,2026-05-18 19:26:56,25.0,529.38,
B000305,P00623,2026-08-02 03:37:42,50.0,2241.34,
B000306,P00624,2026-04-26 17:26:05,100.0,2852.33,
B000307,P00625,2026-06-06 12:38:49,100.0,1874.73,154.2
B000308,P00627,2026-08-29 02:28:12,50.0,1351.34,365.5
B000309,P00631,2026-06-04 04:16:10,100.0,3616.18,557.1
B000310,P00634,2026-06-30 12:19:01,50.0,1134.48,571.9
B000311,P00635,2026-08-29 12:45:22,25.0,1118.39,
B000312,P00636,2026-06-29 04:19:40,25.0,971.78,479.6
B000313,P00637,2026-06-25 13:30:40,50.0,1951.61,75.5
B000314,P00643,2026-09-20 23:36:49,100.0,2795.76,471.4
B000315,P00649,2026-09-12 06:13:46,100.0,4475.51,
B000316,P00650,2026-07-17 01:07:38,25.0,872.32,99.8
B000317,P00651,2026-04-22 04:47:00,100.0,2288.64,378.2
B000318,P00652,2026-07-01 14:46:07,100.0,4376.37,163.2
B000319,P00653,2026-06-11 18:12:42,50.0,949.09,
B000320,P00654,2026-09-15 11:06:20,50.0,1254.71,511.7
B000321,P00655,2026-05-03 23:33:45,50.0,2072.46,
B000322,P00656,2026-08-08 12:05:59,50.0,1976.27,551.9
B000323,P00658,2026-09-07 08:50:46,50.0,1967.62,108.1
B000324,P00660,2026-08-26 21:36:10,50.0,1148.12,
B000325,P00662,2026-09-27 11:07:40,50.0,970.08,
B000326,P00666,2026-07-13 02:17:15,50.0,2029.74,
B000327,P00671,2026-05-20 13:20:08,100.0,4374.28,
B000328,P00672,2026-08-03 18:14:49,25.0,649.8,391.1
B000329,P00674,2026-09-10 21:04:22,50.0,2132.97,
B000330,P00676,2026-05-18 18:34:36,50.0,1929.08,
B000331,P00678,2026-07-03 17:43:01,100.0,153.26,0.8
B000332,P00680,2026-06-23 16:59:16,100.0,3894.43,
B000333,P00684,2026-09-06 23:29:34,50.0,1265.73,
B000334,P00685,2026-06-04 14:26:02,100.0,1968.04,
B000335,P00686,2026-09-21 21:30:30,100.0,2764.51,
B000336,P00687,2026-05-26 13:20:27,25.0,1113.84,525.6
B000337,P00688,2026-04-21 23:39:50,50.0,1731.01,148.7
B000338,P00689,2026-08-13 14:13:38,50.0,1622.4,
B000339,P00692,2026-09-18 17:53:23,50.0,1934.9,
B000340,P00693,2026-08-13 12:21:07,50.0,1406.75,
B000341,P00696,2026-05-14 01:33:40,50.0,959.08,
B000342,P00699,2026-05-29 22:48:23,100.0,2265.97,
B000343,P00702,2026-05-22 05:00:49,50.0,930.3,
B000344,P00703,2026-06-19 22:29:55,100.0,4315.76,593.7
B000345,P00704,2026-09-25 03:37:17,25.0,37.01,1.2
B000346,P00705,2026-05-29 08:38:34,50.0,1374.6,129.1
B000347,P00706,2026-04-16 20:21:44,100.0,1777.62,
B000348,P00708,2026-08-07 10:19:51,100.0,3065.16,158.9
B000349,P00709,2026-09-21 18:16:25,50.0,1183.37,
B000350,P00710,2026-06-27 08:30:47,25.0,559.83,
B000351,P00711,2026-04-30 13:12:45,25.0,837.13,408.6
B000352,P00712,2026-07-02 17:40:04,25.0,518.12,352.6
B000353,P00713,2026-04-01 13:18:11,50.0,767.87,220.2
B000354,P00717,2026-06-11 02:27:07,100.0,4313.96,255.9
B000355,P00718,2026-06-27 16:56:25,100.0,2478.3,
B000356,P00720,2026-08-01 00:45:04,50.0,1606.62,
B000357,P00722,2026-07-10 02:58:54,50.0,1780.51,116.1
B000358,P00726,2026-04-25 23:18:38,50.0,1141.22,
B000359,P00727,2026-06-06 11:14:50,100.0,3254.94,
B000360,P00728,2026-06-22 21:57:34,25.0,749.53,103.8
B000361,P00730,2026-08-05 11:03:46,25.0,433.28,
B000362,P00732,2026-04-20 19:32:49,50.0,1871.59,
B000363,P00734,2026-07-11 06:46:42,100.0,3944.62,446.8
B000364,P00735,2026-08-05 16:06:09,25.0,51.95,1.7
B000365,P00738,2026-06-30 03:59:09,50.0,970.86,549.6
B000366,P00739,2026-06-26 16:24:20,50.0,1929.43,525.6
B000367,P00742,2026-08-22 02:14:55,25.0,464.11,537.4
B000368,P00744,2026-06-14 02:00:38,100.0,2558.69,288.8
B000369,P00745,2026-07-01 05:08:07,25.0,1058.69,
B000370,P00746,2026-07-03 15:07:06,100.0,1820.12,
B000371,P00747,2026-04-08 22:04:58,50.0,1352.02,
B000372,P00748,2026-06-16 06:42:06,50.0,1730.87,169.5
B000373,P00749,2026-09-16 15:49:52,100.0,2860.88,
B000374,P00751,2026-07-30 06:33:10,25.0,532.13,169.7
B000375,P00756,2026-07-11 13:24:10,50.0,1844.5,117.0
B000376,P00757,2026-04-04 22:48:51,25.0,625.66,
B000377,P00759,2026-08-30 21:59:11,25.0,604.09,
B000378,P00762,2026-04-16 13:35:48,50.0,84.99,0.5
B000379,P00766,2026-08-02 13:16:25,50.0,1446.17,
B000380,P00767,2026-09-18 05:32:37,100.0,3655.59,
B000381,P00769,2026-05-07 00:26:22,100.0,4416.11,
B000382,P00770,2026-07-19 05:43:30,50.0,813.31,330.8
B000383,P00771,2026-06-20 09:31:01,25.0,840.59,
B000384,P00772,2026-06-17 18:29:05,50.0,63.03,4.9
B000385,P00777,2026-06-06 22:08:57,25.0,1099.53,
B000386,P00778,2026-05-12 05:25:30,25.0,547.87,584.1
B000387,P00779,2026-07-18 09:42:07,50.0,923.0,
B000388,P00780,2026-04-14 08:23:16,100.0,4036.47,
B000389,P00785,2026-09-15 02:08:29,50.0,750.07,
B000390,P00789,2026-04-25 22:13:48,100.0,3065.0,
B000391,P00790,2026-06-29 16:09:06,50.0,1810.09,334.3
B000392,P00792,2026-06-13 09:57:18,100.0,1572.08,
B000393,P00795,2026-08-29 11:10:38,50.0,1423.64,258.0
B000394,P00796,2026-05-13 21:36:12,25.0,769.07,
B000395,P00799,2026-06-25 12:03:37,50.0,1552.23,310.2
B000396,P00801,2026-09-12 07:06:19,100.0,4225.14,417.1
B000397,P00807,2026-09-18 18:10:41,50.0,2106.45,461.4
B000398,P00808,2026-05-28 16:40:22,25.0,615.25,122.9
B000399,P00811,2026-08-11 19:22:01,25.0,662.54,
B000400,P00812,2026-06-17 14:17:20,25.0,441.09,
B000401,P00813,2026-09-03 01:57:44,50.0,816.11,
B000402,P00814,2026-07-05 01:40:20,100.0,3034.94,
B000403,P00817,2026-05-31 08:55:17,50.0,1343.02,
B000404,P00820,2026-09-17 21:24:44,50.0,1121.12,260.6
B000405,P00822,2026-07-08 17:49:43,25.0,736.31,197.0
B000406,P00823,2026-07-14 11:34:23,25.0,988.68,312.4
B000407,P00824,2026-06-22 01:19:26,50.0,798.99,
B000408,P00825,2026-05-14 14:47:41,25.0,1037.65,
B000409,P00826,2026-09-25 12:10:48,25.0,991.92,
B000410,P00827,2026-07-08 10:20:36,100.0,3261.87,462.2
B000411,P00829,2026-09-14 12:48:08,25.0,741.34,
B000412,P00830,2026-09-10 05:13:20,100.0,2932.57,526.3
B000413,P00831,2026-06-08 08:09:49,25.0,552.55,442.4
B000414,P00832,2026-08-12 02:13:55,100.0,2356.55,
B000415,P00833,2026-05-08 04:55:12,50.0,1666.43,
B000416,P00834,2026-07-14 14:15:31,25.0,1019.23,
B000417,P00838,2026-06-17 21:06:24,50.0,38.66,1.8
B000418,P00839,2026-08-27 11:05:41,100.0,2098.43,
B000419,P00840,2026-05-18 08:06:42,50.0,2134.06,493.6
B000420,P00841,2026-09-26 19:54:45,25.0,511.68,414.0
B000421,P00842,2026-04-12 20:38:56,25.0,511.86,
B000422,P00845,2026-05-03 14:06:17,100.0,3039.69,
B000423,P00850,2026-06-17 11:14:22,50.0,2042.37,
B000424,P00851,2026-08-30 09:43:28,50.0,2139.6,302.2
B000425,P00853,2026-04-06 17:14:20,25.0,891.15,
B000426,P00855,2026-06-12 13:05:33,25.0,485.1,
B000427,P00856,2026-04-23 13:01:02,100.0,2262.47,562.5
B000428,P00859,2026-09-09 20:47:34,100.0,4037.3,
B000429,P00860,2026-04-12 23:12:31,50.0,1963.25,450.5
B000430,P00862,2026-06-30 07:04:58,50.0,1163.77,
B000431,P00865,2026-09-16 00:05:56,100.0,3680.82,
B000432,P00867,2026-08-09 06:25:26,100.0,2600.34,
B000433,P00868,2026-04-27 16:06:13,50.0,1853.85,
B000434,P00870,2026-09-17 18:07:27,50.0,1398.07,511.7
B000435,P00871,2026-05-02 19:45:31,25.0,1116.45,459.8
B000436,P00873,2026-09-16 08:49:56,50.0,1856.14,81.9
B000437,P00875,2026-07-20 08:25:14,25.0,1086.08,377.7
B000438,P00876,2026-07-15 14:45:58,50.0,1646.2,
B000439,P00878,2026-06-02 16:58:21,25.0,1029.9,413.0
B000440,P00879,2026-07-20 08:03:25,50.0,1883.76,
B000441,P00880,2026-06-17 22:28:45,100.0,1976.19,
B000442,P00882,2026-07-18 09:23:18,50.0,2215.67,221.3
B000443,P00883,2026-04-09 22:46:22,50.0,2124.11,
B000444,P00885,2026-04-16 00:41:57,100.0,2118.16,
B000445,P00886,2026-04-01 16:00:06,50.0,1798.72,
B000446,P00890,2026-08-12 09:20:01,100.0,2208.36,
B000447,P00891,2026-04-24 21:44:34,25.0,69.62,1.3
B000448,P00892,2026-09-09 12:40:01,50.0,1276.23,
B000449,P00894,2026-05-10 20:03:05,25.0,630.05,575.8
B000450,P00895,2026-07-24 02:26:51,25.0,427.09,
B000451,P00896,2026-07-25 07:53:36,25.0,482.36,
B000452,P00898,2026-05-24 21:32:53,100.0,3951.37,
B000453,P00901,2026-07-02 22:36:24,100.0,3540.15,
B000454,P00902,2026-09-04 10:26:13,25.0,934.2,122.5
B000455,P00903,2026-05-02 23:35:39,25.0,637.61,328.6
B000456,P00905,2026-09-27 07:46:44,100.0,2929.87,
B000457,P00908,2026-08-07 09:49:30,50.0,1179.89,
B000458,P00909,2026-06-22 02:51:46,100.0,3304.4,
B000459,P00912,2026-04-15 09:50:21,25.0,1060.82,193.4
B000460,P00913,2026-07-20 11:00:30,100.0,3200.97,213.6
B000461,P00914,2026-05-28 07:29:45,100.0,4115.46,
B000462,P00915,2026-08-12 02:43:52,25.0,560.16,
B000463,P00916,2026-06-26 15:05:22,50.0,1523.44,
B000464,P00917,2026-05-20 04:31:12,25.0,742.73,
B000465,P00919,2026-09-20 19:13:18,50.0,1528.68,
B000466,P00920,2026-08-11 14:56:54,50.0,1158.89,
B000467,P00922,2026-05-19 19:47:11,25.0,609.87,380.5
B000468,P00926,2026-09-11 12:39:19,25.0,833.44,
B000469,P00929,2026-09-06 01:45:50,50.0,918.85,
B000470,P00930,2026-04-04 06:52:50,100.0,4274.64,412.6
B000471,P00932,2026-09-27 09:27:00,100.0,2666.84,391.2
B000472,P00934,2026-04-06 23:41:39,50.0,1446.39,
B000473,P00938,2026-08-07 21:52:26,25.0,985.8,390.3
B000474,P00939,2026-08-28 14:31:04,25.0,692.36,
B000475,P00940,2026-08-20 18:32:16,25.0,530.17,189.8
B000476,P00941,2026-08-07 07:41:39,25.0,690.58,
B000477,P00943,2026-06-13 06:48:35,100.0,3876.56,220.7
B000478,P00945,2026-08-11 03:26:51,100.0,1899.24,
B000479,P00947,2026-05-24 14:51:50,100.0,2338.33,110.0
B000480,P00950,2026-06-04 01:38:21,25.0,519.92,
B000481,P00951,2026-05-02 16:39:28,25.0,1115.91,146.2
B000482,P00952,2026-06-19 10:24:38,50.0,1494.4,311.1
B000483,P00954,2026-04-30 13:59:16,50.0,1662.26,
B000484,P00955,2026-06-02 02:43:23,50.0,1237.76,
B000485,P00957,2026-06-13 18:11:47,100.0,2391.57,
B000486,P00958,2026-07-22 22:54:53,25.0,453.84,
B000487,P00960,2026-09-21 19:59:35,100.0,3851.32,231.7
B000488,P00961,2026-07-30 19:04:11,100.0,3308.42,524.9
B000489,P00962,2026-08-11 00:58:59,50.0,943.85,599.6
B000490,P00963,2026-04-04 06:51:35,100.0,3565.02,589.4
B000491,P00964,2026-06-01 13:48:50,50.0,1769.57,597.2
B000492,P00965,2026-05-24 14:59:11,100.0,1594.2,498.4
B000493,P00968,2026-06-18 05:43:40,100.0,1616.34,228.9
B000494,P00969,2026-05-10 21:23:00,25.0,769.61,285.8
B000495,P00970,2026-07-23 18:16:04,25.0,1076.92,
B000496,P00975,2026-07-25 18:54:49,25.0,923.36,
B000497,P00976,2026-04-19 09:31:41,25.0,443.55,
B000498,P00980,2026-06-25 10:20:20,25.0,616.42,
B000499,P00981,2026-09-22 03:24:16,25.0,523.22,
B000500,P00983,2026-07-28 12:16:48,25.0,592.81,266.8
B000501,P00984,2026-04-07 09:06:05,50.0,1215.97,
B000502,P00985,2026-04-20 13:02:03,50.0,1921.25,204.5
B000503,P00988,2026-09-06 03:27:23,50.0,1456.33,394.7
B000504,P00989,2026-07-11 15:57:08,50.0,809.76,
B000505,P00990,2026-06-05 23:56:54,25.0,589.38,
B000506,P00991,2026-05-04 16:27:28,100.0,2144.17,
B000507,P00993,2026-09-15 17:05:20,50.0,856.26,275.9
B000508,P00994,2026-05-03 03:51:35,100.0,240.79,1.5
B000509,P00996,2026-05-12 06:01:51,25.0,646.47,
B000510,P00997,2026-05-30 10:44:24,50.0,1895.35,468.7
B000511,P00998,2026-04-26 08:59:38,50.0,1661.59,
B000512,P00999,2026-08-19 04:15:59,100.0,1646.38,
B000513,P01000,2026-06-28 08:59:48,25.0,475.5,
B000514,P01003,2026-09-10 19:43:45,25.0,629.57,
B000515,P01005,2026-06-02 01:45:56,100.0,4351.27,264.2
B000516,P01006,2026-04-24 09:30:57,50.0,44.99,6.7
B000517,P01008,2026-07-30 07:41:29,50.0,1915.54,391.7
B000518,P01012,2026-09-13 18:41:17,50.0,30.67,6.8
B000519,P01014,2026-09-04 00:34:23,50.0,1020.65,
B000520,P01015,2026-05-22 05:10:15,50.0,1654.42,
B000521,P01017,2026-07-31 08:54:38,50.0,872.68,129.9
B000522,P01021,2026-05-11 09:43:40,50.0,2214.57,
B000523,P01023,2026-04-29 05:24:11,50.0,2085.55,
B000524,P01024,2026-06-27 13:53:11,25.0,391.88,241.0
B000525,P01026,2026-04-18 11:52:32,25.0,747.13,
B000526,P01027,2026-09-22 04:59:34,50.0,1803.17,
B000527,P01028,2026-09-19 04:25:27,25.0,831.73,
B000528,P01029,2026-05-08 02:35:25,25.0,654.28,
B000529,P01030,2026-04-08 08:57:47,100.0,4222.87,145.6
B000530,P01031,2026-04-20 13:46:52,100.0,4110.21,450.5
B000531,P01032,2026-08-27 10:31:15,100.0,2624.2,
B000532,P01033,2026-07-01 16:29:31,25.0,984.15,489.1
B000533,P01036,2026-06-28 14:31:23,25.0,872.71,227.1
B000534,P01037,2026-09-06 16:21:44,50.0,898.99,
B000535,P01039,2026-06-21 01:09:31,100.0,3060.18,
B000536,P01040,2026-08-16 03:32:35,50.0,1414.59,
B000537,P01042,2026-08-03 08:36:02,25.0,549.58,216.5
B000538,P01044,2026-06-26 12:05:59,100.0,1702.7,176.7
B000539,P01045,2026-08-17 17:40:19,50.0,1381.09,577.7
B000540,P01048,2026-04-09 09:57:55,100.0,2072.77,531.3
B000541,P01049,2026-08-25 00:53:31,25.0,1019.53,224.3
B000542,P01051,2026-05-13 02:49:51,25.0,927.83,
B000543,P01052,2026-09-22 14:58:20,50.0,1959.59,
B000544,P01054,2026-06-12 07:00:48,25.0,402.3,
B000545,P01055,2026-07-23 23:06:50,100.0,3356.0,
B000546,P01058,2026-05-24 21:11:21,100.0,1832.13,
B000547,P01059,2026-07-08 03:49:35,25.0,660.2,
B000548,P01061,2026-04-02 17:00:03,25.0,463.39,
B000549,P01063,2026-06-10 15:33:28,25.0,849.51,
B000550,P01064,2026-07-14 11:29:37,50.0,47.25,0.8
B000551,P01066,2026-05-10 10:25:55,25.0,1099.64,
B000552,P01067,2026-08-04 00:32:13,25.0,480.25,
B000553,P01068,2026-07-14 05:28:35,50.0,1760.48,338.9
B000554,P01069,2026-09-27 19:29:19,25.0,427.61,
B000555,P01071,2026-09-13 02:43:44,50.0,923.61,573.6
B000556,P01073,2026-09-18 04:14:51,100.0,3551.28,
B000557,P01074,2026-09-04 23:44:47,50.0,1266.6,183.7
B000558,P01075,2026-06-28 04:43:03,50.0,2150.86,
B000559,P01076,2026-05-01 04:56:57,100.0,4423.84,
B000560,P01079,2026-08-03 02:15:03,50.0,1731.92,
B000561,P01080,2026-08-29 23:54:11,100.0,2108.79,
B000562,P01081,2026-05-29 01:49:47,50.0,1646.97,367.2
B000563,P01083,2026-04-06 04:09:37,100.0,3393.92,
B000564,P01084,2026-08-29 10:22:45,100.0,226.99,1.6
B000565,P01087,2026-05-22 20:49:31,50.0,1908.27,148.3
B000566,P01088,2026-07-15 02:55:10,100.0,1683.89,
B000567,P01089,2026-04-13 20:36:53,25.0,52.09,4.7
B000568,P01090,2026-05-15 06:16:23,50.0,1102.99,474.4
B000569,P01093,2026-05-16 22:50:30,50.0,1772.53,
B000570,P01096,2026-08-18 07:23:45,50.0,846.74,
B000571,P01097,2026-09-02 06:59:06,100.0,3611.38,534.7
B000572,P01098,2026-07-15 08:46:15,50.0,1630.75,322.6
B000573,P01100,2026-07-30 06:18:30,100.0,3696.21,
B000574,P01101,2026-08-05 18:55:15,50.0,1532.3,289.9
B000575,P01103,2026-04-25 09:54:22,50.0,1642.15,250.7
B000576,P01104,2026-07-05 14:13:52,25.0,608.61,
B000577,P01105,2026-08-03 08:52:29,100.0,4360.63,421.0
B000578,P01106,2026-06-22 22:09:21,50.0,1708.28,
B000579,P01109,2026-05-25 09:34:24,50.0,881.4,117.1
B000580,P01111,2026-07-17 14:55:15,25.0,695.45,
B000581,P01113,2026-07-18 14:00:55,100.0,3336.45,
B000582,P01116,2026-08-18 23:06:02,100.0,2628.49,408.6
B000583,P01120,2026-06-25 04:31:33,50.0,1011.75,408.3
B000584,P01123,2026-09-08 15:54:31,50.0,1677.15,359.7
B000585,P01125,2026-08-03 22:22:06,25.0,804.95,240.1
B000586,P01126,2026-09-18 10:56:59,25.0,1117.78,339.5
B000587,P01127,2026-05-23 06:12:36,50.0,1132.55,
B000588,P01129,2026-04-26 21:51:15,100.0,4180.86,
B000589,P01132,2026-04-20 20:57:44,25.0,568.14,
B000590,P01133,2026-04-19 01:34:29,25.0,482.52,
B000591,P01134,2026-05-16 21:10:08,25.0,761.69,308.7
B000592,P01138,2026-06-30 02:02:26,50.0,1800.22,
B000593,P01141,2026-07-01 09:04:53,50.0,1608.03,189.4
B000594,P01142,2026-08-22 19:51:41,25.0,39.03,0.6
B000595,P01143,2026-05-17 22:56:51,25.0,944.84,228.4
B000596,P01144,2026-04-30 16:45:51,50.0,893.24,
B000597,P01145,2026-08-27 17:01:23,100.0,2059.17,238.1
B000598,P01146,2026-05-01 08:56:13,50.0,1300.05,83.5
B000599,P01150,2026-04-12 18:00:44,50.0,2153.46,504.5
B000600,P01152,2026-09-17 23:31:56,100.0,2903.0,353.6
B000601,P01155,2026-06-26 10:42:58,50.0,917.07,210.9
B000602,P01156,2026-05-10 21:19:40,100.0,2809.13,
B000603,P01157,2026-04-24 02:59:01,50.0,1026.05,320.8
B000604,P01158,2026-07-10 23:31:46,100.0,3738.5,
B000605,P01159,2026-08-12 18:38:55,100.0,3186.68,269.7
B000606,P01160,2026-07-18 17:41:33,50.0,2018.71,545.5
B000607,P01162,2026-08-26 13:36:17,100.0,2994.57,
B000608,P01164,2026-04-14 18:52:31,100.0,128.58,4.8
B000609,P01167,2026-07-23 07:15:00,100.0,3478.84,394.7
B000610,P01170,2026-08-16 01:06:44,100.0,1630.88,287.2
B000611,P01171,2026-08-24 20:53:46,50.0,2119.83,
B000612,P01174,2026-09-16 07:10:21,25.0,747.38,
B000613,P01180,2026-05-10 00:20:47,50.0,1479.56,
B000614,P01181,2026-07-27 05:03:58,100.0,2544.27,
B000615,P01182,2026-05-06 16:47:47,25.0,850.35,558.1
B000616,P01183,2026-05-31 19:14:59,100.0,2227.12,399.3
B000617,P01185,2026-04-10 20:53:06,100.0,2076.78,
B000618,P01186,2026-06-10 16:51:12,50.0,1127.98,
B000619,P01188,2026-08-01 23:28:11,25.0,834.32,
B000620,P01190,2026-09-26 20:46:00,50.0,2246.06,
B000621,P01191,2026-04-01 18:12:54,50.0,932.05,
B000622,P01195,2026-05-26 04:48:50,50.0,1661.42,
B000623,P01197,2026-05-06 20:57:47,100.0,2906.82,409.3
B000624,P01198,2026-09-10 21:03:44,100.0,2307.1,
B000625,P01201,2026-07-26 15:33:22,50.0,1475.1,421.8
B000626,P01202,2026-05-06 02:01:50,25.0,547.61,
B000627,P01203,2026-08-07 07:46:09,50.0,2233.25,353.8
B000628,P01204,2026-07-31 20:09:49,25.0,922.52,374.0
B000629,P01206,2026-08-23 23:47:46,50.0,2236.29,
B000630,P01207,2026-06-07 12:19:25,50.0,1735.0,
B000631,P01208,2026-06-22 16:02:05,50.0,1401.37,
B000632,P01209,2026-09-25 21:31:08,100.0,2450.15,
B000633,P01210,2026-04-17 04:45:11,100.0,4347.44,
B000634,P01212,2026-09-07 17:21:46,50.0,2108.96,
B000635,P01215,2026-05-30 04:34:11,25.0,691.75,
B000636,P01216,2026-04-26 22:20:11,25.0,397.03,
B000637,P01217,2026-06-16 03:04:40,100.0,2894.47,
B000638,P01219,2026-04-09 06:18:38,25.0,419.32,
B000639,P01222,2026-04-18 23:41:03,50.0,912.15,
B000640,P01223,2026-09-09 11:03:44,25.0,27.54,7.7
B000641,P01225,2026-05-26 12:08:13,100.0,2150.71,
B000642,P01226,2026-07-19 16:23:48,25.0,652.7,
B000643,P01227,2026-04-29 18:34:02,25.0,483.07,75.4
B000644,P01229,2026-05-14 16:06:03,50.0,812.95,584.9
B000645,P01231,2026-07-17 08:22:25,25.0,950.93,344.1
B000646,P01234,2026-06-18 10:00:50,25.0,600.57,
B000647,P01235,2026-05-16 06:10:09,100.0,2295.76,345.1
B000648,P01236,2026-07-05 13:02:30,100.0,4025.04,
B000649,P01237,2026-06-26 12:43:37,100.0,3403.93,
B000650,P01238,2026-07-13 10:43:04,50.0,49.36,1.6
B000651,P01239,2026-08-22 02:41:40,50.0,1006.39,
B000652,P01240,2026-09-27 21:01:05,50.0,803.84,98.0
B000653,P01242,2026-08-16 18:39:56,50.0,2117.83,549.9
B000654,P01244,2026-05-22 08:19:47,25.0,1040.49,
B000655,P01246,2026-06-09 20:17:35,100.0,4031.63,407.9
B000656,P01249,2026-07-04 21:44:04,50.0,1582.64,177.8
B000657,P01250,2026-08-21 17:26:49,100.0,3996.87,
B000658,P01251,2026-08-23 22:52:38,100.0,2893.93,160.9
B000659,P01252,2026-07-27 23:15:46,50.0,792.24,
B000660,P01255,2026-05-18 02:24:14,25.0,634.9,
B000661,P01256,2026-05-10 10:23:57,100.0,4032.69,
B000662,P01258,2026-09-05 14:21:09,25.0,759.15,
B000663,P01259,2026-07-11 23:02:08,100.0,3522.65,
B000664,P01260,2026-04-08 22:50:22,100.0,1635.07,
B000665,P01261,2026-05-22 05:30:28,25.0,506.45,511.9
B000666,P01263,2026-06-23 00:19:46,25.0,452.88,
B000667,P01264,2026-04-03 17:12:58,50.0,1541.77,171.3
B000668,P01266,2026-08-17 21:14:59,100.0,200.02,0.5
B000669,P01267,2026-07-24 18:52:11,50.0,2115.81,
B000670,P01269,2026-05-24 07:37:29,25.0,913.12,
B000671,P01270,2026-09-12 20:39:36,25.0,1079.99,327.4
B000672,P01272,2026-09-16 18:57:44,25.0,848.49,
B000673,P01273,2026-05-21 05:39:26,50.0,1388.52,
B000674,P01277,2026-07-21 04:38:27,50.0,55.93,4.5
B000675,P01278,2026-04-01 11:10:28,50.0,1001.08,574.0
B000676,P01281,2026-07-31 11:54:00,100.0,1585.73,
B000677,P01284,2026-09-05 15:53:41,100.0,1541.9,
B000678,P01285,2026-05-24 07:42:00,100.0,1677.64,
B000679,P01286,2026-05-29 23:17:53,25.0,894.86,377.3
B000680,P01288,2026-09-05 10:27:12,50.0,2140.15,
B000681,P01290,2026-09-17 00:17:59,25.0,1073.51,
B000682,P01292,2026-08-30 11:33:11,50.0,2182.79,
B000683,P01293,2026-08-05 20:54:38,25.0,914.9,
B000684,P01296,2026-08-05 04:33:39,25.0,1117.79,585.7
B000685,P01297,2026-05-03 00:23:42,50.0,2123.25,304.4
B000686,P01301,2026-05-05 10:13:54,50.0,1440.66,144.1
B000687,P01304,2026-04-14 18:21:16,50.0,810.59,355.0
B000688,P01305,2026-04-12 02:10:10,25.0,574.98,
B000689,P01306,2026-05-28 06:10:30,100.0,120.44,4.9
B000690,P01307,2026-05-25 20:26:12,50.0,1590.82,
B000691,P01309,2026-06-16 19:59:06,100.0,3283.12,328.5
B000692,P01310,2026-09-25 14:03:24,100.0,173.62,4.5
B000693,P01311,2026-06-12 06:29:42,100.0,4076.82,
B000694,P01312,2026-08-02 21:07:01,25.0,1009.27,456.0
B000695,P01315,2026-07-24 15:06:12,100.0,3436.42,
B000696,P01317,2026-08-26 20:36:15,25.0,913.74,428.2
B000697,P01318,2026-08-16 21:00:05,100.0,4218.68,304.6
B000698,P01319,2026-08-14 09:15:13,100.0,1677.26,433.1
B000699,P01322,2026-05-08 10:12:27,25.0,798.51,198.0
B000700,P01323,2026-06-08 00:33:29,50.0,895.69,
B000701,P01324,2026-08-12 04:42:44,25.0,31.64,1.8
B000702,P01330,2026-07-28 11:09:01,100.0,277.6,0.7
B000703,P01335,2026-08-20 06:26:08,100.0,4116.12,86.2
B000704,P01341,2026-05-04 07:22:55,25.0,939.54,
B000705,P01346,2026-07-11 06:35:35,25.0,480.61,101.9
B000706,P01347,2026-05-15 13:52:13,100.0,3726.43,
B000707,P01349,2026-09-26 00:31:20,100.0,3532.94,
B000708,P01351,2026-05-13 01:29:17,100.0,2814.94,
B000709,P01353,2026-04-22 22:17:14,25.0,672.85,157.3
B000710,P01354,2026-05-23 18:06:45,25.0,746.09,
B000711,P01356,2026-06-14 23:22:19,25.0,425.94,182.7
B000712,P01358,2026-05-28 20:47:35,25.0,749.47,201.4
B000713,P01359,2026-07-10 12:45:04,100.0,2915.04,298.2
B000714,P01361,2026-08-18 16:33:38,25.0,470.83,
B000715,P01362,2026-04-06 21:59:51,50.0,1648.01,
B000716,P01363,2026-07-25 01:38:20,50.0,1199.11,331.1
B000717,P01367,2026-07-23 11:02:33,100.0,3250.48,
B000718,P01371,2026-07-07 21:18:21,100.0,2239.42,
B000719,P01375,2026-04-05 17:56:59,100.0,2336.29,
B000720,P01379,2026-05-01 12:07:58,25.0,679.1,
B000721,P01382,2026-04-29 00:46:01,50.0,1993.81,
B000722,P01384,2026-09-23 15:41:52,50.0,931.51,416.2
B000723,P01385,2026-06-04 23:44:38,100.0,109.93,6.6
B000724,P01387,2026-07-02 04:11:36,25.0,621.01,128.0
B000725,P01391,2026-06-05 09:52:53,100.0,3200.21,
B000726,P01392,2026-06-06 04:59:56,50.0,2074.07,
B000727,P01395,2026-08-13 07:45:00,50.0,1125.44,235.4
B000728,P01396,2026-09-10 01:32:36,50.0,1577.98,145.3
B000729,P01397,2026-04-29 01:37:46,100.0,3964.25,389.5
B000730,P01401,2026-04-20 07:45:00,100.0,1622.96,562.9
B000731,P01404,2026-05-28 23:52:17,25.0,456.02,
B000732,P01406,2026-09-12 16:04:47,50.0,968.48,231.7
B000733,P01408,2026-06-11 22:38:46,50.0,74.39,1.5
B000734,P01409,2026-05-23 22:58:36,100.0,2029.15,
B000735,P01410,2026-06-06 08:36:57,50.0,2108.9,487.2
B000736,P01414,2026-07-28 14:28:02,50.0,1220.08,
B000737,P01415,2026-07-08 12:21:31,100.0,1876.54,316.8
B000738,P01416,2026-04-27 20:26:21,50.0,1479.98,174.9
B000739,P01425,2026-04-09 03:49:54,25.0,891.46,384.3
B000740,P01426,2026-04-14 01:16:27,25.0,492.74,
B000741,P01431,2026-08-02 18:21:08,50.0,2144.07,
B000742,P01433,2026-06-24 01:26:20,50.0,1279.9,
B000743,P01434,2026-05-27 08:47:30,50.0,1331.81,
B000744,P01435,2026-05-26 17:31:10,50.0,1694.84,
B000745,P01437,2026-06-08 11:42:55,50.0,1511.47,
B000746,P01438,2026-06-19 16:35:51,25.0,991.87,
B000747,P01441,2026-05-30 04:55:55,50.0,1156.57,
B000748,P01443,2026-07-26 09:59:31,100.0,2828.43,
B000749,P01447,2026-06-15 00:21:50,100.0,4202.91,111.0
B000750,P01450,2026-05-26 09:38:49,25.0,396.01,
B000751,P01451,2026-08-24 12:54:10,25.0,1067.38,
B000752,P01453,2026-06-04 18:11:53,100.0,1931.67,
B000753,P01454,2026-08-14 13:16:38,100.0,4413.39,
B000754,P01456,2026-06-23 05:19:46,50.0,2243.45,210.5
B000755,P01457,2026-04-21 04:01:24,100.0,3186.02,117.9
B000756,P01459,2026-07-10 10:13:14,25.0,438.89,
B000757,P01460,2026-04-19 16:43:56,25.0,877.46,
B000758,P01463,2026-09-15 20:58:51,100.0,3354.07,392.8
B000759,P01465,2026-07-27 08:12:03,50.0,1630.26,
B000760,P01469,2026-08-23 23:33:21,100.0,241.0,7.9
B000761,P01471,2026-05-12 10:10:47,100.0,1624.96,596.6
B000762,P01473,2026-07-17 00:10:46,25.0,955.94,
B000763,P01476,2026-08-13 14:35:45,25.0,1115.56,104.8
B000764,P01479,2026-09-07 08:32:26,100.0,2065.78,
B000765,P01481,2026-04-03 11:54:46,50.0,1274.54,
B000766,P01483,2026-05-29 07:22:01,25.0,432.45,
B000767,P01484,2026-06-18 16:10:21,25.0,736.17,
B000768,P01485,2026-06-03 00:14:29,25.0,823.35,
B000769,P01488,2026-08-28 02:44:07,100.0,3704.71,575.9
B000770,P01491,2026-09-08 06:04:19,25.0,512.25,260.3
B000771,P01492,2026-09-13 21:15:46,100.0,1840.69,208.7
B000772,P01493,2026-09-11 07:05:28,100.0,94.51,5.9
B000773,P01496,2026-09-11 18:13:22,50.0,831.46,
B000774,P01497,2026-04-03 07:36:55,25.0,919.26,145.8
B000775,P01498,2026-06-24 02:58:31,100.0,2508.41,
B000776,P01501,2026-07-20 20:50:33,100.0,1697.01,
B000777,P01502,2026-06-17 08:14:01,100.0,1592.96,
B000778,P01503,2026-09-13 07:56:35,50.0,1308.79,476.0
B000779,P01504,2026-09-03 04:49:35,50.0,1096.23,
B000780,P01506,2026-07-26 20:50:47,50.0,1371.37,145.5
B000781,P01507,2026-06-26 04:28:55,50.0,2234.96,
B000782,P01509,2026-09-26 23:04:57,100.0,2168.53,318.3
B000783,P01510,2026-05-31 03:38:16,100.0,4423.09,
B000784,P01511,2026-09-27 21:10:42,100.0,1804.83,417.7
B000785,P01513,2026-05-07 17:38:51,100.0,1534.73,
B000786,P01519,2026-07-12 08:39:41,50.0,1436.4,
B000787,P01521,2026-04-23 04:51:56,100.0,1553.29,
B000788,P01522,2026-05-21 05:27:13,50.0,1793.88,
B000789,P01523,2026-04-24 14:39:28,25.0,753.41,
B000790,P01525,2026-07-23 11:12:59,25.0,746.35,
B000791,P01526,2026-07-25 03:13:34,100.0,3623.36,
B000792,P01527,2026-05-10 03:43:09,50.0,2189.75,331.5
B000793,P01528,2026-06-19 06:45:44,50.0,1077.08,
B000794,P01529,2026-09-22 07:49:12,25.0,993.08,
B000795,P01531,2026-04-05 21:02:23,50.0,1051.75,118.3
B000796,P01532,2026-06-19 11:01:35,50.0,1546.44,511.2
B000797,P01533,2026-09-23 21:01:32,25.0,602.58,
B000798,P01534,2026-09-10 13:39:59,100.0,80.25,1.1
B000799,P01535,2026-05-08 22:05:01,100.0,2852.59,
B000800,P01537,2026-08-19 03:43:41,25.0,405.4,94.6
B000801,P01541,2026-06-24 20:51:30,50.0,1765.01,414.6
B000802,P01543,2026-07-28 01:03:42,100.0,1738.51,
B000803,P01544,2026-06-05 00:40:53,25.0,817.25,
B000804,P01546,2026-07-04 06:43:04,100.0,1799.02,
B000805,P01547,2026-04-03 17:31:27,25.0,412.43,
B000806,P01555,2026-06-19 10:26:16,100.0,215.91,6.3
B000807,P01557,2026-04-25 17:14:49,50.0,942.28,263.3
B000808,P01562,2026-04-08 02:54:56,100.0,3542.87,
B000809,P01564,2026-07-02 00:35:58,100.0,3257.38,
B000810,P01566,2026-07-05 17:34:54,25.0,549.46,472.1
B000811,P01567,2026-04-11 01:11:54,25.0,415.32,
B000812,P01568,2026-04-23 06:28:04,25.0,665.25,
B000813,P01571,2026-07-14 16:14:07,100.0,2230.25,
B000814,P01575,2026-04-01 16:13:30,100.0,3008.42,302.2
B000815,P01576,2026-04-04 03:43:10,25.0,414.75,148.1
B000816,P01578,2026-07-09 11:21:11,25.0,1089.54,351.9
B000817,P01579,2026-06-21 11:57:26,100.0,1573.15,113.6
B000818,P01580,2026-04-03 01:54:17,25.0,1037.31,
B000819,P01581,2026-07-24 09:02:31,100.0,53.1,0.8
B000820,P01583,2026-06-16 07:55:14,50.0,865.65,
B000821,P01587,2026-06-20 01:34:41,25.0,822.43,
B000822,P01590,2026-09-03 06:15:51,50.0,832.75,
B000823,P01594,2026-05-10 02:27:19,50.0,1412.13,569.1
B000824,P01595,2026-04-13 23:15:53,50.0,1964.66,
B000825,P01596,2026-04-02 03:52:24,50.0,888.88,
B000826,P01598,2026-05-17 08:04:33,50.0,1243.72,
B000827,P01602,2026-04-12 15:26:07,50.0,1749.02,420.1
B000828,P01605,2026-08-31 00:39:47,50.0,1546.83,462.4
B000829,P01607,2026-06-19 03:07:35,50.0,1528.51,
B000830,P01611,2026-08-21 03:09:47,100.0,2155.45,155.4
B000831,P01613,2026-09-20 11:30:36,100.0,2620.86,
B000832,P01614,2026-07-14 11:20:09,25.0,1008.74,227.1
B000833,P01615,2026-07-06 14:16:08,100.0,2911.26,331.0
B000834,P01616,2026-08-12 03:44:50,100.0,2484.29,259.4
B000835,P01617,2026-09-08 00:28:17,25.0,1089.4,316.1
B000836,P01618,2026-05-13 01:03:19,100.0,2341.97,
B000837,P01621,2026-04-28 12:13:02,25.0,931.07,262.5
B000838,P01624,2026-07-10 09:44:18,25.0,710.56,
B000839,P01625,2026-07-11 10:19:01,50.0,865.01,
B000840,P01628,2026-08-17 10:05:44,50.0,1601.66,
B000841,P01630,2026-06-22 22:35:52,25.0,776.39,
B000842,P01632,2026-08-04 17:29:17,50.0,1192.67,
B000843,P01633,2026-08-19 08:19:17,50.0,1462.07,173.7
B000844,P01637,2026-06-01 18:35:40,25.0,785.23,
B000845,P01640,2026-05-27 04:01:20,25.0,506.47,232.2
B000846,P01644,2026-05-05 18:33:06,50.0,1910.17,
B000847,P01645,2026-07-06 10:56:22,100.0,3108.89,336.9
B000848,P01648,2026-06-20 00:24:49,100.0,3927.9,
B000849,P01651,2026-04-28 03:54:19,100.0,2554.71,
B000850,P01657,2026-09-12 09:37:40,100.0,2685.34,
B000851,P01658,2026-09-04 06:36:23,25.0,24.55,2.2
B000852,P01659,2026-07-14 16:40:29,100.0,2469.7,
B000853,P01660,2026-08-26 05:28:12,100.0,2063.22,313.1
B000854,P01663,2026-09-06 06:05:44,100.0,2472.39,422.7
B000855,P01666,2026-04-12 01:07:08,50.0,1268.66,300.1
B000856,P01668,2026-08-20 08:33:50,25.0,808.46,
B000857,P01672,2026-06-15 03:19:30,50.0,47.28,3.1
B000858,P01674,2026-09-04 06:18:57,25.0,860.97,
B000859,P01676,2026-04-05 15:30:44,25.0,1026.9,
B000860,P01677,2026-06-18 19:09:36,100.0,3494.2,248.6
B000861,P01679,2026-04-18 12:49:57,100.0,2332.86,
B000862,P01681,2026-07-21 08:40:16,25.0,1012.7,
B000863,P01682,2026-06-29 09:33:03,100.0,4197.65,
B000864,P01683,2026-07-16 13:29:31,25.0,566.05,
B000865,P01687,2026-05-27 08:59:48,25.0,729.2,
B000866,P01688,2026-04-15 11:22:15,100.0,2859.12,295.0
B000867,P01690,2026-06-04 01:38:31,100.0,2187.39,482.1
B000868,P01692,2026-09-03 14:17:55,50.0,1453.97,142.0
B000869,P01693,2026-08-08 20:27:41,50.0,1819.85,
B000870,P01694,2026-05-29 22:58:16,50.0,2177.24,
B000871,P01696,2026-06-20 08:29:49,100.0,3855.38,
B000872,P01699,2026-05-31 03:41:27,50.0,755.09,
B000873,P01701,2026-07-28 04:21:31,100.0,2445.3,
B000874,P01703,2026-09-01 08:37:16,50.0,1712.55,425.6
B000875,P01704,2026-09-17 14:42:54,100.0,3713.45,
B000876,P01707,2026-04-20 20:47:45,50.0,889.55,
B000877,P01709,2026-08-07 20:48:36,25.0,747.46,
B000878,P01710,2026-05-31 07:03:08,25.0,1033.41,
B000879,P01711,2026-09-21 01:40:14,100.0,3471.54,
B000880,P01714,2026-05-13 05:34:05,25.0,659.26,
B000881,P01715,2026-09-13 14:31:36,50.0,1163.21,
B000882,P01716,2026-04-06 06:40:57,25.0,528.05,388.0
B000883,P01717,2026-08-07 01:50:37,50.0,2221.55,
B000884,P01721,2026-04-05 21:24:01,50.0,1391.84,148.2
B000885,P01725,2026-06-13 02:13:00,25.0,937.04,
B000886,P01728,2026-04-23 06:20:39,25.0,1067.57,464.2
B000887,P01729,2026-07-27 01:30:55,50.0,1955.73,533.7
B000888,P01730,2026-04-07 13:57:25,50.0,983.79,438.5
B000889,P01731,2026-07-25 13:16:14,25.0,1090.8,495.5
B000890,P01732,2026-05-28 18:58:33,25.0,1074.45,352.0
B000891,P01736,2026-04-08 03:42:49,25.0,701.74,572.5
B000892,P01737,2026-04-26 20:40:50,25.0,961.18,
B000893,P01738,2026-07-06 09:16:24,25.0,1081.2,290.8
B000894,P01739,2026-05-28 21:27:03,100.0,2577.56,150.4
B000895,P01740,2026-08-17 00:23:56,100.0,1944.85,500.1
B000896,P01741,2026-08-27 17:48:01,50.0,1621.1,243.7
B000897,P01743,2026-08-28 04:23:02,100.0,107.57,6.5
B000898,P01746,2026-04-18 14:12:07,100.0,2530.65,489.4
B000899,P01747,2026-09-16 21:15:11,25.0,463.17,
B000900,P01750,2026-07-22 14:08:44,50.0,951.64,
B000901,P01751,2026-09-26 19:57:42,100.0,2589.56,
B000902,P01752,2026-08-19 00:51:59,100.0,2147.77,431.1
B000903,P01753,2026-07-12 12:28:36,50.0,1799.26,586.1
B000904,P01755,2026-09-15 05:50:45,100.0,3469.91,
B000905,P01757,2026-08-07 14:26:27,25.0,1013.21,
B000906,P01758,2026-05-08 12:46:37,100.0,4448.63,457.0
B000907,P01760,2026-08-11 21:44:01,100.0,91.49,4.0
B000908,P01762,2026-08-17 12:27:18,50.0,1565.44,
B000909,P01765,2026-05-12 20:04:49,50.0,1291.11,337.2
B000910,P01766,2026-06-01 12:52:47,50.0,833.86,598.2
B000911,P01767,2026-09-13 14:44:36,100.0,1766.95,598.0
B000912,P01768,2026-09-05 18:20:57,25.0,502.58,210.8
B000913,P01769,2026-08-01 01:01:06,100.0,2633.0,256.9
B000914,P01771,2026-05-16 07:25:31,25.0,597.45,189.8
B000915,P01772,2026-09-17 02:58:27,25.0,895.34,573.3
B000916,P01775,2026-07-21 10:16:23,25.0,1107.19,
B000917,P01776,2026-07-04 13:42:27,50.0,1062.0,
B000918,P01777,2026-04-13 01:50:05,50.0,1849.52,
B000919,P01778,2026-08-01 01:16:16,100.0,3391.15,
B000920,P01779,2026-06-24 04:44:43,100.0,3198.51,143.7
B000921,P01782,2026-05-09 16:40:01,50.0,1286.23,
B000922,P01786,2026-06-20 08:42:15,50.0,831.7,186.5
B000923,P01787,2026-08-04 23:50:29,50.0,1638.15,
B000924,P01788,2026-07-31 17:51:49,25.0,487.08,
B000925,P01789,2026-09-10 10:03:59,25.0,986.81,441.6
B000926,P01792,2026-08-04 14:59:31,100.0,2606.32,
B000927,P01794,2026-05-26 19:30:43,25.0,968.07,
B000928,P01797,2026-08-02 03:52:43,50.0,1423.12,351.2
B000929,P01801,2026-09-09 16:36:05,25.0,439.27,353.7
B000930,P01802,2026-07-06 11:28:15,25.0,539.38,
B000931,P01803,2026-04-23 20:39:13,50.0,2119.88,
B000932,P01804,2026-04-13 16:00:40,50.0,1770.01,
B000933,P01806,2026-06-21 22:13:00,100.0,2385.18,
B000934,P01812,2026-06-11 17:50:36,100.0,2532.17,
B000935,P01813,2026-09-19 03:06:58,25.0,639.95,447.2
B000936,P01815,2026-05-19 05:07:25,50.0,1777.25,
B000937,P01817,2026-06-06 00:55:16,25.0,401.03,
B000938,P01818,2026-08-12 13:14:18,25.0,1046.88,
B000939,P01822,2026-07-03 21:24:28,25.0,823.63,181.8
B000940,P01824,2026-04-10 08:19:57,50.0,1087.48,
B000941,P01828,2026-08-30 19:54:10,100.0,3902.25,165.6
B000942,P01829,2026-05-17 19:56:32,25.0,1061.99,
B000943,P01831,2026-09-14 18:04:26,100.0,2375.95,83.3
B000944,P01833,2026-08-28 08:50:04,50.0,870.35,460.6
B000945,P01834,2026-05-30 15:23:37,50.0,1263.71,588.0
B000946,P01837,2026-06-08 18:45:59,25.0,958.15,586.2
B000947,P01842,2026-09-04 03:04:58,50.0,1927.99,521.4
B000948,P01843,2026-04-21 13:09:35,100.0,2116.94,
B000949,P01845,2026-08-19 08:55:51,25.0,704.97,242.0
B000950,P01846,2026-07-09 15:35:14,25.0,853.48,149.6
B000951,P01848,2026-04-01 07:54:22,100.0,1987.84,
B000952,P01849,2026-04-27 02:45:52,25.0,69.15,4.3
B000953,P01852,2026-07-12 00:08:10,50.0,1366.4,356.1
B000954,P01855,2026-07-08 15:04:08,25.0,586.28,448.8
B000955,P01859,2026-07-17 18:07:48,50.0,1866.49,
B000956,P01860,2026-06-18 02:33:17,100.0,2048.74,518.6
B000957,P01864,2026-07-17 09:52:19,50.0,1358.06,
B000958,P01865,2026-04-19 23:50:33,50.0,1712.04,354.4
B000959,P01867,2026-04-22 16:01:52,25.0,636.37,
B000960,P01869,2026-09-27 04:21:38,50.0,1369.16,
B000961,P01870,2026-08-14 17:30:04,100.0,3621.98,
B000962,P01872,2026-05-21 21:27:30,25.0,454.6,
B000963,P01873,2026-06-08 03:56:32,25.0,68.87,0.8
B000964,P01878,2026-07-19 14:26:52,25.0,876.7,
B000965,P01882,2026-05-21 15:34:57,25.0,843.46,
B000966,P01883,2026-07-12 12:37:35,50.0,1680.72,
B000967,P01884,2026-07-06 19:46:15,50.0,863.1,
B000968,P01886,2026-08-04 22:26:57,50.0,1194.94,
B000969,P01888,2026-09-07 19:31:33,50.0,1265.64,
B000970,P01891,2026-09-20 04:35:02,25.0,379.46,
B000971,P01892,2026-07-02 17:39:27,100.0,1563.13,
B000972,P01895,2026-06-20 02:21:24,100.0,4458.44,193.8
B000973,P01896,2026-06-06 13:50:20,25.0,628.41,
B000974,P01897,2026-07-27 13:40:44,100.0,3275.59,
B000975,P01899,2026-09-24 16:42:32,100.0,150.96,6.2
B000976,P01902,2026-05-24 14:56:36,100.0,1669.78,543.1
B000977,P01903,2026-08-04 07:57:00,100.0,3374.3,379.6
B000978,P01907,2026-04-13 22:43:54,100.0,3812.47,130.1
B000979,P01909,2026-07-29 10:03:12,50.0,1798.19,174.4
B000980,P01910,2026-05-22 08:25:58,25.0,878.92,
B000981,P01912,2026-04-17 01:38:48,25.0,721.16,327.2
B000982,P01914,2026-08-21 09:27:41,100.0,1999.56,
B000983,P01915,2026-09-15 08:37:01,25.0,413.39,483.9
B000984,P01917,2026-08-21 05:42:42,25.0,526.61,
B000985,P01918,2026-09-11 11:40:19,50.0,1448.2,
B000986,P01919,2026-08-14 06:00:31,100.0,3873.41,
B000987,P01923,2026-04-10 05:16:39,25.0,514.37,306.8
B000988,P01924,2026-04-23 00:04:12,25.0,717.03,
B000989,P01925,2026-09-07 11:29:40,50.0,1819.17,
B000990,P01926,2026-05-07 02:04:26,50.0,2144.16,
B000991,P01927,2026-09-22 17:51:04,100.0,4194.85,187.7
B000992,P01928,2026-07-09 11:30:26,50.0,931.8,368.5
B000993,P01930,2026-08-10 06:19:00,100.0,4230.76,
B000994,P01931,2026-07-05 20:44:49,50.0,807.93,
B000995,P01932,2026-09-25 04:34:48,50.0,1246.1,
B000996,P01934,2026-06-29 14:06:34,50.0,1891.79,
B000997,P01935,2026-08-02 12:05:32,25.0,773.2,
B000998,P01936,2026-04-21 04:14:06,50.0,820.92,
B000999,P01937,2026-09-26 17:10:18,100.0,3764.99,338.8
B001000,P01938,2026-06-24 23:41:59,50.0,1463.62,92.4
B001001,P01940,2026-05-07 18:26:37,100.0,4219.35,405.9
B001002,P01941,2026-07-31 17:59:49,50.0,1291.6,
B001003,P01943,2026-07-24 07:04:32,100.0,3375.69,497.5
B001004,P01946,2026-07-10 22:57:23,25.0,587.15,
B001005,P01947,2026-09-03 16:13:01,100.0,3603.11,
B001006,P01950,2026-09-21 13:22:04,100.0,3620.69,
B001007,P01951,2026-08-20 01:38:35,100.0,171.05,6.4
B001008,P01952,2026-04-03 00:14:23,100.0,2209.56,474.8
B001009,P01953,2026-08-30 15:26:29,25.0,720.35,
B001010,P01955,2026-06-29 21:32:57,25.0,605.87,
B001011,P01956,2026-07-31 18:39:35,50.0,1608.38,
B001012,P01958,2026-08-18 08:40:39,50.0,986.5,
B001013,P01959,2026-04-21 20:20:25,100.0,1667.59,
B001014,P01962,2026-07-02 14:24:28,25.0,378.06,537.0
B001015,P01963,2026-05-26 08:28:25,100.0,2384.16,212.9
B001016,P01966,2026-05-05 06:04:36,100.0,2146.49,
B001017,P01967,2026-09-08 10:39:34,100.0,2340.44,
B001018,P01968,2026-07-19 18:04:17,25.0,722.14,
B001019,P01971,2026-08-07 08:42:19,100.0,3529.66,331.8
B001020,P01973,2026-05-14 15:26:53,50.0,1489.6,
B001021,P01975,2026-05-19 06:05:14,25.0,725.41,
B001022,P01977,2026-05-22 01:14:15,25.0,71.09,1.4
B001023,P01978,2026-05-17 18:41:44,100.0,1633.62,583.9
B001024,P01979,2026-05-05 19:03:14,100.0,3640.51,256.8
B001025,P01980,2026-09-03 18:17:39,100.0,2685.41,
B001026,P01981,2026-05-31 05:44:47,100.0,4331.55,363.9
B001027,P01983,2026-07-15 18:24:18,50.0,1034.9,
B001028,P01984,2026-05-18 13:07:47,25.0,1068.52,
B001029,P01985,2026-06-11 08:05:21,50.0,876.03,
B001030,P01986,2026-05-14 13:35:13,25.0,982.16,
B001031,P01987,2026-06-07 03:06:56,50.0,1218.16,
B001032,P01989,2026-07-26 22:29:44,100.0,4466.84,591.3
B001033,P01992,2026-09-04 16:12:41,100.0,1933.64,
B001034,P01993,2026-05-12 19:55:23,100.0,3413.26,
B001035,P01995,2026-06-12 20:40:35,100.0,3386.05,
B001036,P01996,2026-08-14 04:08:49,50.0,2123.56,
B001037,P01997,2026-04-23 00:05:00,100.0,82.61,7.8
B001038,P01998,2026-04-20 09:31:58,100.0,3977.21,
