player_id,seeded_pattern
P01632,multi_account
P00286,multi_account
P01269,multi_account
P00748,multi_account
P00391,multi_account
P00167,multi_account
P00657,multi_account
P00261,multi_account
P01864,multi_account
P01116,multi_account
P00240,multi_account
P01427,multi_account
P01888,multi_account
P01643,multi_account
P00698,multi_account
P00251,multi_account
P01423,multi_account
P00049,multi_account
P00283,multi_account
P01073,multi_account
P01628,multi_account
P00348,multi_account
P01701,multi_account
P01046,multi_account
P00449,multi_account
P01592,multi_account
P01358,multi_account
P01797,multi_account
P01140,multi_account
P00048,multi_account
P00936,multi_account
P01682,multi_account
P00215,multi_account
P00081,multi_account
P01557,multi_account
P00264,multi_account
P00176,multi_account
P00436,multi_account
P00108,multi_account
P00767,multi_account
P00718,multi_account
P01270,multi_account
P01582,multi_account
P00600,multi_account
P00786,multi_account
P00652,multi_account
P00484,multi_account
P00071,multi_account
P01061,multi_account
P01333,multi_account
P01476,multi_account
P00796,multi_account
P00582,multi_account
P01418,multi_account
P00344,multi_account
P00798,multi_account
P01420,multi_account
P01181,multi_account
P01462,multi_account
P01028,multi_account
P01570,multi_account
P01891,multi_account
P00986,multi_account
P00981,multi_account
P00382,multi_account
P00029,multi_account
P00760,multi_account
P01335,multi_account
P01377,multi_account
P00473,multi_account
P01261,multi_account
P00181,multi_account
P01415,multi_account
P01230,multi_account
P01436,multi_account
P01232,multi_account
P01825,multi_account
P00581,multi_account
P01125,multi_account
P01291,multi_account
P01086,multi_account
P01417,multi_account
P00883,multi_account
P01579,multi_account
P01661,multi_account
P01657,multi_account
P01286,multi_account
P00594,multi_account
P00185,multi_account
P00362,multi_account
P00175,multi_account
P01485,multi_account
P01610,multi_account
P01151,multi_account
P01503,multi_account
P00112,multi_account
P00249,multi_account
P01945,multi_account
P01444,multi_account
P00812,multi_account
P01534,bonus_abuse
P01223,bonus_abuse
P00596,bonus_abuse
P00607,bonus_abuse
P00151,bonus_abuse
P00772,bonus_abuse
P00599,bonus_abuse
P01385,bonus_abuse
P01951,bonus_abuse
P01266,bonus_abuse
P00284,bonus_abuse
P00735,bonus_abuse
P01581,bonus_abuse
P00477,bonus_abuse
P01555,bonus_abuse
P01142,bonus_abuse
P01493,bonus_abuse
P01164,bonus_abuse
P01658,bonus_abuse
P00437,bonus_abuse
P01743,bonus_abuse
P01997,bonus_abuse
P00762,bonus_abuse
P01760,bonus_abuse
P01324,bonus_abuse
P00838,bonus_abuse
P01064,bonus_abuse
P00209,bonus_abuse
P00994,bonus_abuse
P00704,bonus_abuse
P01899,bonus_abuse
P00104,bonus_abuse
P00891,bonus_abuse
P01277,bonus_abuse
P00597,bonus_abuse
P01873,bonus_abuse
P00303,bonus_abuse
P01006,bonus_abuse
P01310,bonus_abuse
P00366,bonus_abuse
P00505,bonus_abuse
P00147,bonus_abuse
P01408,bonus_abuse
P00490,bonus_abuse
P00613,bonus_abuse
P00338,bonus_abuse
P00608,bonus_abuse
P01330,bonus_abuse
P01469,bonus_abuse
P01012,bonus_abuse
P01977,bonus_abuse
P01084,bonus_abuse
P00426,bonus_abuse
P01238,bonus_abuse
P01089,bonus_abuse
P00542,bonus_abuse
P00678,bonus_abuse
P01849,bonus_abuse
P01672,bonus_abuse
P01306,bonus_abuse
P00126,payment_velocity
P00941,payment_velocity
P01126,payment_velocity
P01964,payment_velocity
P01758,payment_velocity
P01915,payment_velocity
P01897,payment_velocity
P00912,payment_velocity
P01262,payment_velocity
P01742,payment_velocity
P00076,payment_velocity
P00253,payment_velocity
P01472,payment_velocity
P00341,payment_velocity
P00141,payment_velocity
P01748,payment_velocity
P00550,payment_velocity
P01167,payment_velocity
P00552,payment_velocity
P00153,payment_velocity
P01853,payment_velocity
P01474,payment_velocity
P00533,payment_velocity
P01072,payment_velocity
P01071,payment_velocity
P00693,payment_velocity
P00757,payment_velocity
P01217,payment_velocity
P01256,payment_velocity
P01646,payment_velocity
P00564,shared_card
P01442,shared_card
P00472,shared_card
P00553,shared_card
P00031,shared_card
P01843,shared_card
P01107,shared_card
P01284,shared_card
P01044,shared_card
P00555,shared_card
P01390,shared_card
P01204,shared_card
P01168,shared_card
P01898,shared_card
P00859,shared_card
P01242,shared_card
P01984,shared_card
P01904,shared_card
P00305,shared_card
P00199,shared_card
P00517,shared_card
P01934,shared_card
P01301,shared_card
P01360,shared_card
P00545,shared_card
P01827,shared_card
P01149,shared_card
P00682,shared_card
P00880,shared_card
P00428,shared_card
P01832,shared_card
P00235,shared_card
P00083,shared_card
P01877,shared_card
P01747,shared_card
P00998,shared_card
P01937,shared_card
P01910,shared_card
P01470,shared_card
P00539,shared_card
P00872,shared_card
P01370,shared_card
P00507,shared_card
P01521,shared_card
P00791,shared_card
